CREATE DATABASE  IF NOT EXISTS `bagisto` /*!40100 DEFAULT CHARACTER SET latin1 */;
USE `bagisto`;
-- MySQL dump 10.13  Distrib 5.7.28, for Linux (x86_64)
--
-- Host: 127.0.0.1    Database: bagisto
-- ------------------------------------------------------
-- Server version	5.7.28-0ubuntu0.18.04.4

/*!40101 SET @OLD_CHARACTER_SET_CLIENT=@@CHARACTER_SET_CLIENT */;
/*!40101 SET @OLD_CHARACTER_SET_RESULTS=@@CHARACTER_SET_RESULTS */;
/*!40101 SET @OLD_COLLATION_CONNECTION=@@COLLATION_CONNECTION */;
/*!40101 SET NAMES utf8 */;
/*!40103 SET @OLD_TIME_ZONE=@@TIME_ZONE */;
/*!40103 SET TIME_ZONE='+00:00' */;
/*!40014 SET @OLD_UNIQUE_CHECKS=@@UNIQUE_CHECKS, UNIQUE_CHECKS=0 */;
/*!40014 SET @OLD_FOREIGN_KEY_CHECKS=@@FOREIGN_KEY_CHECKS, FOREIGN_KEY_CHECKS=0 */;
/*!40101 SET @OLD_SQL_MODE=@@SQL_MODE, SQL_MODE='NO_AUTO_VALUE_ON_ZERO' */;
/*!40111 SET @OLD_SQL_NOTES=@@SQL_NOTES, SQL_NOTES=0 */;

--
-- Table structure for table `admin_password_resets`
--

DROP TABLE IF EXISTS `admin_password_resets`;
/*!40101 SET @saved_cs_client     = @@character_set_client */;
/*!40101 SET character_set_client = utf8 */;
CREATE TABLE `admin_password_resets` (
  `email` varchar(191) COLLATE utf8mb4_unicode_ci NOT NULL,
  `token` varchar(191) COLLATE utf8mb4_unicode_ci NOT NULL,
  `created_at` timestamp NULL DEFAULT NULL,
  KEY `admin_password_resets_email_index` (`email`)
) ENGINE=InnoDB DEFAULT CHARSET=utf8mb4 COLLATE=utf8mb4_unicode_ci ROW_FORMAT=DYNAMIC;
/*!40101 SET character_set_client = @saved_cs_client */;

--
-- Dumping data for table `admin_password_resets`
--

LOCK TABLES `admin_password_resets` WRITE;
/*!40000 ALTER TABLE `admin_password_resets` DISABLE KEYS */;
/*!40000 ALTER TABLE `admin_password_resets` ENABLE KEYS */;
UNLOCK TABLES;

--
-- Table structure for table `admins`
--

DROP TABLE IF EXISTS `admins`;
/*!40101 SET @saved_cs_client     = @@character_set_client */;
/*!40101 SET character_set_client = utf8 */;
CREATE TABLE `admins` (
  `id` int(10) unsigned NOT NULL AUTO_INCREMENT,
  `name` varchar(191) COLLATE utf8mb4_unicode_ci NOT NULL,
  `email` varchar(191) COLLATE utf8mb4_unicode_ci NOT NULL,
  `password` varchar(191) COLLATE utf8mb4_unicode_ci DEFAULT NULL,
  `status` tinyint(1) NOT NULL DEFAULT '0',
  `role_id` int(10) unsigned NOT NULL,
  `remember_token` varchar(100) COLLATE utf8mb4_unicode_ci DEFAULT NULL,
  `created_at` timestamp NULL DEFAULT NULL,
  `updated_at` timestamp NULL DEFAULT NULL,
  PRIMARY KEY (`id`),
  UNIQUE KEY `admins_email_unique` (`email`)
) ENGINE=InnoDB AUTO_INCREMENT=2 DEFAULT CHARSET=utf8mb4 COLLATE=utf8mb4_unicode_ci ROW_FORMAT=DYNAMIC;
/*!40101 SET character_set_client = @saved_cs_client */;

--
-- Dumping data for table `admins`
--

LOCK TABLES `admins` WRITE;
/*!40000 ALTER TABLE `admins` DISABLE KEYS */;
INSERT INTO `admins` VALUES (1,'Example','admin@example.com','$2y$10$btmgNOCHUPFbFHedBV/G.OgnA64MzZP3z0yj11c.jE29xqZTM7P/u',1,1,'gGQokDEl4XznItj15BZpsKJePE7Cl24TUiYDiVp2JPUtwwDjxKDncREoHibv',NULL,NULL);
/*!40000 ALTER TABLE `admins` ENABLE KEYS */;
UNLOCK TABLES;

--
-- Table structure for table `attribute_families`
--

DROP TABLE IF EXISTS `attribute_families`;
/*!40101 SET @saved_cs_client     = @@character_set_client */;
/*!40101 SET character_set_client = utf8 */;
CREATE TABLE `attribute_families` (
  `id` int(10) unsigned NOT NULL AUTO_INCREMENT,
  `code` varchar(191) COLLATE utf8mb4_unicode_ci NOT NULL,
  `name` varchar(191) COLLATE utf8mb4_unicode_ci NOT NULL,
  `status` tinyint(1) NOT NULL DEFAULT '0',
  `is_user_defined` tinyint(1) NOT NULL DEFAULT '1',
  PRIMARY KEY (`id`)
) ENGINE=InnoDB AUTO_INCREMENT=2 DEFAULT CHARSET=utf8mb4 COLLATE=utf8mb4_unicode_ci ROW_FORMAT=DYNAMIC;
/*!40101 SET character_set_client = @saved_cs_client */;

--
-- Dumping data for table `attribute_families`
--

LOCK TABLES `attribute_families` WRITE;
/*!40000 ALTER TABLE `attribute_families` DISABLE KEYS */;
INSERT INTO `attribute_families` VALUES (1,'default','Default',0,1);
/*!40000 ALTER TABLE `attribute_families` ENABLE KEYS */;
UNLOCK TABLES;

--
-- Table structure for table `attribute_group_mappings`
--

DROP TABLE IF EXISTS `attribute_group_mappings`;
/*!40101 SET @saved_cs_client     = @@character_set_client */;
/*!40101 SET character_set_client = utf8 */;
CREATE TABLE `attribute_group_mappings` (
  `attribute_id` int(10) unsigned NOT NULL,
  `attribute_group_id` int(10) unsigned NOT NULL,
  `position` int(11) DEFAULT NULL,
  PRIMARY KEY (`attribute_id`,`attribute_group_id`),
  KEY `attribute_group_mappings_attribute_group_id_foreign` (`attribute_group_id`),
  CONSTRAINT `attribute_group_mappings_attribute_group_id_foreign` FOREIGN KEY (`attribute_group_id`) REFERENCES `attribute_groups` (`id`) ON DELETE CASCADE,
  CONSTRAINT `attribute_group_mappings_attribute_id_foreign` FOREIGN KEY (`attribute_id`) REFERENCES `attributes` (`id`) ON DELETE CASCADE
) ENGINE=InnoDB DEFAULT CHARSET=utf8mb4 COLLATE=utf8mb4_unicode_ci ROW_FORMAT=DYNAMIC;
/*!40101 SET character_set_client = @saved_cs_client */;

--
-- Dumping data for table `attribute_group_mappings`
--

LOCK TABLES `attribute_group_mappings` WRITE;
/*!40000 ALTER TABLE `attribute_group_mappings` DISABLE KEYS */;
INSERT INTO `attribute_group_mappings` VALUES (1,1,1),(2,1,2),(3,1,3),(4,1,4),(5,1,5),(6,1,6),(7,1,7),(8,1,8),(9,2,1),(10,2,2),(11,4,1),(12,4,2),(13,4,3),(14,4,4),(15,4,5),(16,3,1),(17,3,2),(18,3,3),(19,5,1),(20,5,2),(21,5,3),(22,5,4),(23,1,9),(24,1,10),(25,1,11);
/*!40000 ALTER TABLE `attribute_group_mappings` ENABLE KEYS */;
UNLOCK TABLES;

--
-- Table structure for table `attribute_groups`
--

DROP TABLE IF EXISTS `attribute_groups`;
/*!40101 SET @saved_cs_client     = @@character_set_client */;
/*!40101 SET character_set_client = utf8 */;
CREATE TABLE `attribute_groups` (
  `id` int(10) unsigned NOT NULL AUTO_INCREMENT,
  `name` varchar(191) COLLATE utf8mb4_unicode_ci NOT NULL,
  `position` int(11) NOT NULL,
  `is_user_defined` tinyint(1) NOT NULL DEFAULT '1',
  `attribute_family_id` int(10) unsigned NOT NULL,
  PRIMARY KEY (`id`),
  UNIQUE KEY `attribute_groups_attribute_family_id_name_unique` (`attribute_family_id`,`name`),
  CONSTRAINT `attribute_groups_attribute_family_id_foreign` FOREIGN KEY (`attribute_family_id`) REFERENCES `attribute_families` (`id`) ON DELETE CASCADE
) ENGINE=InnoDB AUTO_INCREMENT=6 DEFAULT CHARSET=utf8mb4 COLLATE=utf8mb4_unicode_ci ROW_FORMAT=DYNAMIC;
/*!40101 SET character_set_client = @saved_cs_client */;

--
-- Dumping data for table `attribute_groups`
--

LOCK TABLES `attribute_groups` WRITE;
/*!40000 ALTER TABLE `attribute_groups` DISABLE KEYS */;
INSERT INTO `attribute_groups` VALUES (1,'General',1,0,1),(2,'Description',2,0,1),(3,'Meta Description',3,0,1),(4,'Price',4,0,1),(5,'Shipping',5,0,1);
/*!40000 ALTER TABLE `attribute_groups` ENABLE KEYS */;
UNLOCK TABLES;

--
-- Table structure for table `attribute_option_translations`
--

DROP TABLE IF EXISTS `attribute_option_translations`;
/*!40101 SET @saved_cs_client     = @@character_set_client */;
/*!40101 SET character_set_client = utf8 */;
CREATE TABLE `attribute_option_translations` (
  `id` int(10) unsigned NOT NULL AUTO_INCREMENT,
  `locale` varchar(191) COLLATE utf8mb4_unicode_ci NOT NULL,
  `label` text COLLATE utf8mb4_unicode_ci,
  `attribute_option_id` int(10) unsigned NOT NULL,
  PRIMARY KEY (`id`),
  UNIQUE KEY `attribute_option_translations_attribute_option_id_locale_unique` (`attribute_option_id`,`locale`),
  CONSTRAINT `attribute_option_translations_attribute_option_id_foreign` FOREIGN KEY (`attribute_option_id`) REFERENCES `attribute_options` (`id`) ON DELETE CASCADE
) ENGINE=InnoDB AUTO_INCREMENT=11 DEFAULT CHARSET=utf8mb4 COLLATE=utf8mb4_unicode_ci ROW_FORMAT=DYNAMIC;
/*!40101 SET character_set_client = @saved_cs_client */;

--
-- Dumping data for table `attribute_option_translations`
--

LOCK TABLES `attribute_option_translations` WRITE;
/*!40000 ALTER TABLE `attribute_option_translations` DISABLE KEYS */;
INSERT INTO `attribute_option_translations` VALUES (1,'en','Red',1),(2,'en','Green',2),(3,'en','Yellow',3),(4,'en','Black',4),(5,'en','White',5),(6,'en','S',6),(7,'en','M',7),(8,'en','L',8),(9,'en','XL',9),(10,'en','Swankykidz',10);
/*!40000 ALTER TABLE `attribute_option_translations` ENABLE KEYS */;
UNLOCK TABLES;

--
-- Table structure for table `attribute_options`
--

DROP TABLE IF EXISTS `attribute_options`;
/*!40101 SET @saved_cs_client     = @@character_set_client */;
/*!40101 SET character_set_client = utf8 */;
CREATE TABLE `attribute_options` (
  `id` int(10) unsigned NOT NULL AUTO_INCREMENT,
  `admin_name` varchar(191) COLLATE utf8mb4_unicode_ci DEFAULT NULL,
  `sort_order` int(11) DEFAULT NULL,
  `attribute_id` int(10) unsigned NOT NULL,
  `swatch_value` varchar(191) COLLATE utf8mb4_unicode_ci DEFAULT NULL,
  PRIMARY KEY (`id`),
  KEY `attribute_options_attribute_id_foreign` (`attribute_id`),
  CONSTRAINT `attribute_options_attribute_id_foreign` FOREIGN KEY (`attribute_id`) REFERENCES `attributes` (`id`) ON DELETE CASCADE
) ENGINE=InnoDB AUTO_INCREMENT=11 DEFAULT CHARSET=utf8mb4 COLLATE=utf8mb4_unicode_ci ROW_FORMAT=DYNAMIC;
/*!40101 SET character_set_client = @saved_cs_client */;

--
-- Dumping data for table `attribute_options`
--

LOCK TABLES `attribute_options` WRITE;
/*!40000 ALTER TABLE `attribute_options` DISABLE KEYS */;
INSERT INTO `attribute_options` VALUES (1,'Red',1,23,'#ff0000'),(2,'Green',2,23,'#00ff00'),(3,'Yellow',3,23,'#ffff00'),(4,'Black',4,23,'#000000'),(5,'White',5,23,'#ffffff'),(6,'S',1,24,'attribute_option/Fb8Lj1A2vlAl4dzvyePESnrbWwSx1JWfDSCTImP3.jpeg'),(7,'M',2,24,'attribute_option/poyR716KXEfNNXtUsK2ef5lmNizhuGunaOketqC3.png'),(8,'L',3,24,NULL),(9,'XL',4,24,NULL),(10,'SwankyKidz',1,25,NULL);
/*!40000 ALTER TABLE `attribute_options` ENABLE KEYS */;
UNLOCK TABLES;

--
-- Table structure for table `attribute_translations`
--

DROP TABLE IF EXISTS `attribute_translations`;
/*!40101 SET @saved_cs_client     = @@character_set_client */;
/*!40101 SET character_set_client = utf8 */;
CREATE TABLE `attribute_translations` (
  `id` int(10) unsigned NOT NULL AUTO_INCREMENT,
  `locale` varchar(191) COLLATE utf8mb4_unicode_ci NOT NULL,
  `name` text COLLATE utf8mb4_unicode_ci,
  `attribute_id` int(10) unsigned NOT NULL,
  PRIMARY KEY (`id`),
  UNIQUE KEY `attribute_translations_attribute_id_locale_unique` (`attribute_id`,`locale`),
  CONSTRAINT `attribute_translations_attribute_id_foreign` FOREIGN KEY (`attribute_id`) REFERENCES `attributes` (`id`) ON DELETE CASCADE
) ENGINE=InnoDB AUTO_INCREMENT=26 DEFAULT CHARSET=utf8mb4 COLLATE=utf8mb4_unicode_ci ROW_FORMAT=DYNAMIC;
/*!40101 SET character_set_client = @saved_cs_client */;

--
-- Dumping data for table `attribute_translations`
--

LOCK TABLES `attribute_translations` WRITE;
/*!40000 ALTER TABLE `attribute_translations` DISABLE KEYS */;
INSERT INTO `attribute_translations` VALUES (1,'en','SKU',1),(2,'en','Name',2),(3,'en','URL Key',3),(4,'en','Tax Category',4),(5,'en','New',5),(6,'en','Featured',6),(7,'en','Visible Individually',7),(8,'en','Status',8),(9,'en','Short Description',9),(10,'en','Description',10),(11,'en','Price',11),(12,'en','Cost',12),(13,'en','Special Price',13),(14,'en','Special Price From',14),(15,'en','Special Price To',15),(16,'en','Meta Description',16),(17,'en','Meta Keywords',17),(18,'en','Meta Description',18),(19,'en','Width',19),(20,'en','Height',20),(21,'en','Depth',21),(22,'en','Weight',22),(23,'en','Color',23),(24,'en','Size',24),(25,'en','Brand',25);
/*!40000 ALTER TABLE `attribute_translations` ENABLE KEYS */;
UNLOCK TABLES;

--
-- Table structure for table `attributes`
--

DROP TABLE IF EXISTS `attributes`;
/*!40101 SET @saved_cs_client     = @@character_set_client */;
/*!40101 SET character_set_client = utf8 */;
CREATE TABLE `attributes` (
  `id` int(10) unsigned NOT NULL AUTO_INCREMENT,
  `code` varchar(191) COLLATE utf8mb4_unicode_ci NOT NULL,
  `admin_name` varchar(191) COLLATE utf8mb4_unicode_ci NOT NULL,
  `type` varchar(191) COLLATE utf8mb4_unicode_ci NOT NULL,
  `validation` varchar(191) COLLATE utf8mb4_unicode_ci DEFAULT NULL,
  `position` int(11) DEFAULT NULL,
  `is_required` tinyint(1) NOT NULL DEFAULT '0',
  `is_unique` tinyint(1) NOT NULL DEFAULT '0',
  `value_per_locale` tinyint(1) NOT NULL DEFAULT '0',
  `value_per_channel` tinyint(1) NOT NULL DEFAULT '0',
  `is_filterable` tinyint(1) NOT NULL DEFAULT '0',
  `is_configurable` tinyint(1) NOT NULL DEFAULT '0',
  `is_user_defined` tinyint(1) NOT NULL DEFAULT '1',
  `is_visible_on_front` tinyint(1) NOT NULL DEFAULT '0',
  `created_at` timestamp NULL DEFAULT NULL,
  `updated_at` timestamp NULL DEFAULT NULL,
  `swatch_type` varchar(191) COLLATE utf8mb4_unicode_ci DEFAULT NULL,
  `use_in_flat` tinyint(1) NOT NULL DEFAULT '1',
  PRIMARY KEY (`id`),
  UNIQUE KEY `attributes_code_unique` (`code`)
) ENGINE=InnoDB AUTO_INCREMENT=26 DEFAULT CHARSET=utf8mb4 COLLATE=utf8mb4_unicode_ci ROW_FORMAT=DYNAMIC;
/*!40101 SET character_set_client = @saved_cs_client */;

--
-- Dumping data for table `attributes`
--

LOCK TABLES `attributes` WRITE;
/*!40000 ALTER TABLE `attributes` DISABLE KEYS */;
INSERT INTO `attributes` VALUES (1,'sku','SKU','text',NULL,1,1,1,0,0,0,0,0,0,'2019-08-25 17:49:28','2019-08-25 17:49:28',NULL,1),(2,'name','Name','text',NULL,2,1,0,1,1,0,0,0,0,'2019-08-25 17:49:28','2019-08-25 17:49:28',NULL,1),(3,'url_key','URL Key','text',NULL,3,1,1,0,0,0,0,0,0,'2019-08-25 17:49:28','2019-08-25 17:49:28',NULL,1),(4,'tax_category_id','Tax Category','select',NULL,4,0,0,0,1,0,0,0,0,'2019-08-25 17:49:28','2019-08-25 17:49:28',NULL,1),(5,'new','New','boolean',NULL,5,0,0,0,0,0,0,0,0,'2019-08-25 17:49:28','2019-08-25 17:49:28',NULL,1),(6,'featured','Featured','boolean',NULL,6,0,0,0,0,0,0,0,0,'2019-08-25 17:49:28','2019-08-25 17:49:28',NULL,1),(7,'visible_individually','Visible Individually','boolean',NULL,7,1,0,0,0,0,0,0,0,'2019-08-25 17:49:28','2019-08-25 17:49:28',NULL,1),(8,'status','Status','boolean',NULL,8,1,0,0,0,0,0,0,0,'2019-08-25 17:49:28','2019-08-25 17:49:28',NULL,1),(9,'short_description','Short Description','textarea',NULL,9,1,0,1,1,0,0,0,0,'2019-08-25 17:49:28','2019-08-25 17:49:28',NULL,1),(10,'description','Description','textarea',NULL,10,1,0,1,1,0,0,0,0,'2019-08-25 17:49:28','2019-08-25 17:49:28',NULL,1),(11,'price','Price','price','decimal',11,1,0,0,0,1,0,0,0,'2019-08-25 17:49:28','2019-08-25 17:49:28',NULL,1),(12,'cost','Cost','price','decimal',12,0,0,0,1,0,0,1,0,'2019-08-25 17:49:28','2019-08-25 17:49:28',NULL,1),(13,'special_price','Special Price','price','decimal',13,0,0,0,0,0,0,0,0,'2019-08-25 17:49:28','2019-08-25 17:49:28',NULL,1),(14,'special_price_from','Special Price From','date',NULL,14,0,0,0,1,0,0,0,0,'2019-08-25 17:49:28','2019-08-25 17:49:28',NULL,1),(15,'special_price_to','Special Price To','date',NULL,15,0,0,0,1,0,0,0,0,'2019-08-25 17:49:28','2019-08-25 17:49:28',NULL,1),(16,'meta_title','Meta Title','textarea',NULL,16,0,0,1,1,0,0,0,0,'2019-08-25 17:49:28','2019-08-25 17:49:28',NULL,1),(17,'meta_keywords','Meta Keywords','textarea',NULL,17,0,0,1,1,0,0,0,0,'2019-08-25 17:49:28','2019-08-25 17:49:28',NULL,1),(18,'meta_description','Meta Description','textarea',NULL,18,0,0,1,1,0,0,1,0,'2019-08-25 17:49:28','2019-08-25 17:49:28',NULL,1),(19,'width','Width','text','decimal',19,0,0,0,0,0,0,1,0,'2019-08-25 17:49:28','2019-08-25 17:49:28',NULL,1),(20,'height','Height','text','decimal',20,0,0,0,0,0,0,1,0,'2019-08-25 17:49:28','2019-08-25 17:49:28',NULL,1),(21,'depth','Depth','text','decimal',21,0,0,0,0,0,0,1,0,'2019-08-25 17:49:28','2019-08-25 17:49:28',NULL,1),(22,'weight','Weight','text','decimal',22,1,0,0,0,0,0,0,0,'2019-08-25 17:49:28','2019-08-25 17:49:28',NULL,1),(23,'color','Color','select','',23,0,0,0,0,1,1,1,1,'2019-08-25 17:49:28','2019-11-24 15:31:16','color',1),(24,'size','Size','select','',24,0,0,0,0,1,1,1,0,'2019-08-25 17:49:28','2019-11-24 16:09:27','text',1),(25,'brand','Brand','select','',25,0,0,0,0,1,0,0,0,'2019-08-25 17:49:28','2019-11-24 15:48:26','dropdown',1);
/*!40000 ALTER TABLE `attributes` ENABLE KEYS */;
UNLOCK TABLES;

--
-- Table structure for table `cart`
--

DROP TABLE IF EXISTS `cart`;
/*!40101 SET @saved_cs_client     = @@character_set_client */;
/*!40101 SET character_set_client = utf8 */;
CREATE TABLE `cart` (
  `id` int(10) unsigned NOT NULL AUTO_INCREMENT,
  `customer_email` varchar(191) COLLATE utf8mb4_unicode_ci DEFAULT NULL,
  `customer_first_name` varchar(191) COLLATE utf8mb4_unicode_ci DEFAULT NULL,
  `customer_last_name` varchar(191) COLLATE utf8mb4_unicode_ci DEFAULT NULL,
  `shipping_method` varchar(191) COLLATE utf8mb4_unicode_ci DEFAULT NULL,
  `coupon_code` varchar(191) COLLATE utf8mb4_unicode_ci DEFAULT NULL,
  `is_gift` tinyint(1) NOT NULL DEFAULT '0',
  `items_count` int(11) DEFAULT NULL,
  `items_qty` decimal(12,4) DEFAULT NULL,
  `exchange_rate` decimal(12,4) DEFAULT NULL,
  `global_currency_code` varchar(191) COLLATE utf8mb4_unicode_ci DEFAULT NULL,
  `base_currency_code` varchar(191) COLLATE utf8mb4_unicode_ci DEFAULT NULL,
  `channel_currency_code` varchar(191) COLLATE utf8mb4_unicode_ci DEFAULT NULL,
  `cart_currency_code` varchar(191) COLLATE utf8mb4_unicode_ci DEFAULT NULL,
  `grand_total` decimal(12,4) DEFAULT '0.0000',
  `base_grand_total` decimal(12,4) DEFAULT '0.0000',
  `sub_total` decimal(12,4) DEFAULT '0.0000',
  `base_sub_total` decimal(12,4) DEFAULT '0.0000',
  `tax_total` decimal(12,4) DEFAULT '0.0000',
  `base_tax_total` decimal(12,4) DEFAULT '0.0000',
  `discount_amount` decimal(12,4) DEFAULT '0.0000',
  `base_discount_amount` decimal(12,4) DEFAULT '0.0000',
  `checkout_method` varchar(191) COLLATE utf8mb4_unicode_ci DEFAULT NULL,
  `is_guest` tinyint(1) DEFAULT NULL,
  `is_active` tinyint(1) DEFAULT '1',
  `conversion_time` datetime DEFAULT NULL,
  `customer_id` int(10) unsigned DEFAULT NULL,
  `channel_id` int(10) unsigned NOT NULL,
  `created_at` timestamp NULL DEFAULT NULL,
  `updated_at` timestamp NULL DEFAULT NULL,
  PRIMARY KEY (`id`),
  KEY `cart_customer_id_foreign` (`customer_id`),
  KEY `cart_channel_id_foreign` (`channel_id`),
  CONSTRAINT `cart_channel_id_foreign` FOREIGN KEY (`channel_id`) REFERENCES `channels` (`id`) ON DELETE CASCADE,
  CONSTRAINT `cart_customer_id_foreign` FOREIGN KEY (`customer_id`) REFERENCES `customers` (`id`) ON DELETE CASCADE
) ENGINE=InnoDB AUTO_INCREMENT=24 DEFAULT CHARSET=utf8mb4 COLLATE=utf8mb4_unicode_ci ROW_FORMAT=DYNAMIC;
/*!40101 SET character_set_client = @saved_cs_client */;

--
-- Dumping data for table `cart`
--

LOCK TABLES `cart` WRITE;
/*!40000 ALTER TABLE `cart` DISABLE KEYS */;
INSERT INTO `cart` VALUES (1,NULL,NULL,NULL,NULL,NULL,0,1,3.0000,NULL,'USD','USD','USD','USD',330.0000,330.0000,330.0000,330.0000,0.0000,0.0000,0.0000,0.0000,NULL,1,1,NULL,NULL,1,'2019-09-22 17:29:19','2019-09-22 17:29:42'),(2,NULL,NULL,NULL,NULL,NULL,0,1,3.0000,NULL,'USD','USD','LKR','LKR',330.0000,330.0000,330.0000,330.0000,0.0000,0.0000,0.0000,0.0000,NULL,1,1,NULL,NULL,1,'2019-10-12 17:02:10','2019-10-12 17:32:46'),(3,NULL,NULL,NULL,NULL,NULL,0,1,2.0000,NULL,'USD','USD','LKR','LKR',220.0000,220.0000,220.0000,220.0000,0.0000,0.0000,0.0000,0.0000,NULL,1,1,NULL,NULL,1,'2019-10-25 17:58:00','2019-10-25 18:51:20'),(4,NULL,NULL,NULL,NULL,NULL,0,1,2.0000,NULL,'USD','USD','LKR','LKR',220.0000,220.0000,220.0000,220.0000,0.0000,0.0000,0.0000,0.0000,NULL,1,1,NULL,NULL,1,'2019-11-03 08:34:23','2019-11-03 08:37:22'),(5,NULL,NULL,NULL,NULL,NULL,0,1,1.0000,NULL,'USD','USD','LKR','LKR',110.0000,110.0000,110.0000,110.0000,0.0000,0.0000,0.0000,0.0000,NULL,1,1,NULL,NULL,1,'2019-11-16 02:29:46','2019-11-16 02:29:47'),(6,NULL,NULL,NULL,NULL,NULL,0,1,2.0000,NULL,'USD','USD','LKR','LKR',220.0000,220.0000,220.0000,220.0000,0.0000,0.0000,0.0000,0.0000,NULL,1,1,NULL,NULL,1,'2019-11-16 17:13:10','2019-11-16 17:42:10'),(7,NULL,NULL,NULL,NULL,NULL,0,1,1.0000,NULL,'USD','USD','LKR','LKR',110.0000,110.0000,110.0000,110.0000,0.0000,0.0000,0.0000,0.0000,NULL,1,1,NULL,NULL,1,'2019-11-17 01:53:23','2019-11-17 01:53:24'),(8,NULL,NULL,NULL,NULL,NULL,0,1,1.0000,NULL,'USD','USD','LKR','LKR',110.0000,110.0000,110.0000,110.0000,0.0000,0.0000,0.0000,0.0000,NULL,1,1,NULL,NULL,1,'2019-11-17 02:04:34','2019-11-17 02:04:35'),(9,'lahiru@swanky.lk','Lahiru','Ramesh','free_free',NULL,0,1,3.0000,NULL,'USD','USD','LKR','LKR',405.1500,405.1500,405.1500,405.1500,0.0000,0.0000,0.0000,0.0000,NULL,0,0,NULL,2,1,'2019-11-17 03:12:53','2019-11-24 15:18:02'),(10,NULL,NULL,NULL,NULL,NULL,0,1,1.0000,NULL,'USD','USD','LKR','LKR',1000.0000,1000.0000,1000.0000,1000.0000,0.0000,0.0000,0.0000,0.0000,NULL,1,1,NULL,NULL,1,'2019-11-17 03:47:53','2019-11-17 03:47:54'),(14,NULL,NULL,NULL,NULL,NULL,0,1,2.0000,NULL,'USD','USD','LKR','LKR',2000.0000,2000.0000,2000.0000,2000.0000,0.0000,0.0000,0.0000,0.0000,NULL,1,1,NULL,NULL,1,'2019-11-17 06:22:24','2019-11-17 06:57:37'),(15,NULL,NULL,NULL,NULL,NULL,0,1,1.0000,NULL,'USD','USD','LKR','LKR',1000.0000,1000.0000,1000.0000,1000.0000,0.0000,0.0000,0.0000,0.0000,NULL,1,1,NULL,NULL,1,'2019-11-23 14:18:39','2019-11-23 14:18:40'),(19,NULL,NULL,NULL,NULL,NULL,0,1,7.0000,NULL,'USD','USD','LKR','LKR',7700.0000,7700.0000,7700.0000,7700.0000,0.0000,0.0000,0.0000,0.0000,NULL,1,1,NULL,NULL,1,'2019-11-24 16:20:17','2019-11-24 16:51:27'),(21,NULL,NULL,NULL,NULL,NULL,0,1,2.0000,NULL,'USD','USD','LKR','LKR',2200.0000,2200.0000,2200.0000,2200.0000,0.0000,0.0000,0.0000,0.0000,NULL,1,1,NULL,NULL,1,'2019-11-24 18:40:22','2019-11-24 18:43:40'),(23,NULL,NULL,NULL,NULL,NULL,0,1,1.0000,NULL,'USD','USD','LKR','LKR',1100.0000,1100.0000,1100.0000,1100.0000,0.0000,0.0000,0.0000,0.0000,NULL,1,1,NULL,NULL,1,'2019-11-24 18:58:04','2019-11-24 18:59:49');
/*!40000 ALTER TABLE `cart` ENABLE KEYS */;
UNLOCK TABLES;

--
-- Table structure for table `cart_address`
--

DROP TABLE IF EXISTS `cart_address`;
/*!40101 SET @saved_cs_client     = @@character_set_client */;
/*!40101 SET character_set_client = utf8 */;
CREATE TABLE `cart_address` (
  `id` int(10) unsigned NOT NULL AUTO_INCREMENT,
  `first_name` varchar(191) COLLATE utf8mb4_unicode_ci NOT NULL,
  `last_name` varchar(191) COLLATE utf8mb4_unicode_ci NOT NULL,
  `email` varchar(191) COLLATE utf8mb4_unicode_ci NOT NULL,
  `address1` varchar(191) COLLATE utf8mb4_unicode_ci NOT NULL,
  `address2` varchar(191) COLLATE utf8mb4_unicode_ci DEFAULT NULL,
  `country` varchar(191) COLLATE utf8mb4_unicode_ci NOT NULL,
  `state` varchar(191) COLLATE utf8mb4_unicode_ci NOT NULL,
  `city` varchar(191) COLLATE utf8mb4_unicode_ci NOT NULL,
  `postcode` varchar(191) COLLATE utf8mb4_unicode_ci NOT NULL,
  `phone` varchar(191) COLLATE utf8mb4_unicode_ci NOT NULL,
  `address_type` varchar(191) COLLATE utf8mb4_unicode_ci NOT NULL,
  `cart_id` int(10) unsigned DEFAULT NULL,
  `customer_id` int(10) unsigned DEFAULT NULL,
  `created_at` timestamp NULL DEFAULT NULL,
  `updated_at` timestamp NULL DEFAULT NULL,
  PRIMARY KEY (`id`),
  KEY `cart_address_cart_id_foreign` (`cart_id`),
  KEY `cart_address_customer_id_foreign` (`customer_id`),
  CONSTRAINT `cart_address_cart_id_foreign` FOREIGN KEY (`cart_id`) REFERENCES `cart` (`id`) ON DELETE CASCADE,
  CONSTRAINT `cart_address_customer_id_foreign` FOREIGN KEY (`customer_id`) REFERENCES `customers` (`id`) ON DELETE CASCADE
) ENGINE=InnoDB AUTO_INCREMENT=3 DEFAULT CHARSET=utf8mb4 COLLATE=utf8mb4_unicode_ci ROW_FORMAT=DYNAMIC;
/*!40101 SET character_set_client = @saved_cs_client */;

--
-- Dumping data for table `cart_address`
--

LOCK TABLES `cart_address` WRITE;
/*!40000 ALTER TABLE `cart_address` DISABLE KEYS */;
INSERT INTO `cart_address` VALUES (1,'Lahiru','Ramesh','lahiru@swanky.lk','Clover Partners, H/4/1,Stace Road, Colombo 14, Sri Lanka',NULL,'LK','Colombo 14','H/4/1,Stace Road','1400','0770796331','billing',9,NULL,'2019-11-24 15:17:10','2019-11-24 15:17:10'),(2,'Lahiru','Ramesh','lahiru@swanky.lk','Clover Partners, H/4/1,Stace Road, Colombo 14, Sri Lanka',NULL,'LK','Colombo 14','H/4/1,Stace Road','1400','0770796331','shipping',9,NULL,'2019-11-24 15:17:10','2019-11-24 15:17:10');
/*!40000 ALTER TABLE `cart_address` ENABLE KEYS */;
UNLOCK TABLES;

--
-- Table structure for table `cart_item_inventories`
--

DROP TABLE IF EXISTS `cart_item_inventories`;
/*!40101 SET @saved_cs_client     = @@character_set_client */;
/*!40101 SET character_set_client = utf8 */;
CREATE TABLE `cart_item_inventories` (
  `id` int(10) unsigned NOT NULL AUTO_INCREMENT,
  `qty` int(10) unsigned NOT NULL DEFAULT '0',
  `inventory_source_id` int(10) unsigned DEFAULT NULL,
  `cart_item_id` int(10) unsigned DEFAULT NULL,
  `created_at` timestamp NULL DEFAULT NULL,
  `updated_at` timestamp NULL DEFAULT NULL,
  PRIMARY KEY (`id`)
) ENGINE=InnoDB DEFAULT CHARSET=utf8mb4 COLLATE=utf8mb4_unicode_ci ROW_FORMAT=DYNAMIC;
/*!40101 SET character_set_client = @saved_cs_client */;

--
-- Dumping data for table `cart_item_inventories`
--

LOCK TABLES `cart_item_inventories` WRITE;
/*!40000 ALTER TABLE `cart_item_inventories` DISABLE KEYS */;
/*!40000 ALTER TABLE `cart_item_inventories` ENABLE KEYS */;
UNLOCK TABLES;

--
-- Table structure for table `cart_items`
--

DROP TABLE IF EXISTS `cart_items`;
/*!40101 SET @saved_cs_client     = @@character_set_client */;
/*!40101 SET character_set_client = utf8 */;
CREATE TABLE `cart_items` (
  `id` int(10) unsigned NOT NULL AUTO_INCREMENT,
  `quantity` int(10) unsigned NOT NULL DEFAULT '0',
  `sku` varchar(191) COLLATE utf8mb4_unicode_ci DEFAULT NULL,
  `type` varchar(191) COLLATE utf8mb4_unicode_ci DEFAULT NULL,
  `name` varchar(191) COLLATE utf8mb4_unicode_ci DEFAULT NULL,
  `coupon_code` varchar(191) COLLATE utf8mb4_unicode_ci DEFAULT NULL,
  `weight` decimal(12,4) NOT NULL DEFAULT '1.0000',
  `total_weight` decimal(12,4) NOT NULL DEFAULT '0.0000',
  `base_total_weight` decimal(12,4) NOT NULL DEFAULT '0.0000',
  `price` decimal(12,4) NOT NULL DEFAULT '1.0000',
  `base_price` decimal(12,4) NOT NULL DEFAULT '0.0000',
  `total` decimal(12,4) NOT NULL DEFAULT '0.0000',
  `base_total` decimal(12,4) NOT NULL DEFAULT '0.0000',
  `tax_percent` decimal(12,4) DEFAULT '0.0000',
  `tax_amount` decimal(12,4) DEFAULT '0.0000',
  `base_tax_amount` decimal(12,4) DEFAULT '0.0000',
  `discount_percent` decimal(12,4) NOT NULL DEFAULT '0.0000',
  `discount_amount` decimal(12,4) NOT NULL DEFAULT '0.0000',
  `base_discount_amount` decimal(12,4) NOT NULL DEFAULT '0.0000',
  `additional` json DEFAULT NULL,
  `parent_id` int(10) unsigned DEFAULT NULL,
  `product_id` int(10) unsigned NOT NULL,
  `cart_id` int(10) unsigned NOT NULL,
  `tax_category_id` int(10) unsigned DEFAULT NULL,
  `created_at` timestamp NULL DEFAULT NULL,
  `updated_at` timestamp NULL DEFAULT NULL,
  `custom_price` decimal(12,4) DEFAULT NULL,
  PRIMARY KEY (`id`),
  KEY `cart_items_product_id_foreign` (`product_id`),
  KEY `cart_items_cart_id_foreign` (`cart_id`),
  KEY `cart_items_tax_category_id_foreign` (`tax_category_id`),
  KEY `cart_items_parent_id_foreign` (`parent_id`),
  CONSTRAINT `cart_items_cart_id_foreign` FOREIGN KEY (`cart_id`) REFERENCES `cart` (`id`) ON DELETE CASCADE,
  CONSTRAINT `cart_items_parent_id_foreign` FOREIGN KEY (`parent_id`) REFERENCES `cart_items` (`id`) ON DELETE CASCADE,
  CONSTRAINT `cart_items_product_id_foreign` FOREIGN KEY (`product_id`) REFERENCES `products` (`id`) ON DELETE CASCADE,
  CONSTRAINT `cart_items_tax_category_id_foreign` FOREIGN KEY (`tax_category_id`) REFERENCES `tax_categories` (`id`)
) ENGINE=InnoDB AUTO_INCREMENT=22 DEFAULT CHARSET=utf8mb4 COLLATE=utf8mb4_unicode_ci ROW_FORMAT=DYNAMIC;
/*!40101 SET character_set_client = @saved_cs_client */;

--
-- Dumping data for table `cart_items`
--

LOCK TABLES `cart_items` WRITE;
/*!40000 ALTER TABLE `cart_items` DISABLE KEYS */;
INSERT INTO `cart_items` VALUES (15,3,'product-five','simple','product-05',NULL,1.0000,3.0000,3.0000,135.0500,135.0500,405.1500,405.1500,0.0000,0.0000,0.0000,0.0000,0.0000,0.0000,'{\"_token\": \"Veskt0kF1H8mIcZneIz9im5j18MwaBAZTILadZwA\", \"quantity\": \"1\", \"product_id\": \"32\"}',NULL,32,9,NULL,'2019-11-23 17:07:12','2019-11-24 15:17:59',NULL),(16,7,'configurable-01','configurable','configurable-01',NULL,0.1000,0.7000,0.7000,1100.0000,1100.0000,7700.0000,7700.0000,0.0000,0.0000,0.0000,0.0000,0.0000,0.0000,'{\"_token\": \"FUnv7rXMr4Lclu0YG0787p0BItAIfjvrbzReSRZR\", \"quantity\": 7, \"attributes\": {\"size\": {\"option_id\": 6, \"option_label\": \"S\", \"attribute_name\": \"Size\"}, \"color\": {\"option_id\": 1, \"option_label\": \"Red\", \"attribute_name\": \"Color\"}}, \"is_buy_now\": \"1\", \"product_id\": \"40\", \"super_attribute\": {\"23\": \"1\", \"24\": \"6\"}, \"selected_configurable_option\": \"41\"}',NULL,40,19,NULL,'2019-11-24 16:20:17','2019-11-24 16:51:26',NULL),(17,0,'configurable-01-variant-1-6','simple','configurable-01-variant-1-6',NULL,1.0000,0.0000,0.0000,1.0000,0.0000,0.0000,0.0000,0.0000,0.0000,0.0000,0.0000,0.0000,0.0000,'{\"parent_id\": 40, \"product_id\": 41}',16,41,19,NULL,'2019-11-24 16:20:17','2019-11-24 16:51:26',NULL),(18,2,'configurable-01','configurable','configurable-01',NULL,0.1000,0.2000,0.2000,1100.0000,1100.0000,2200.0000,2200.0000,0.0000,0.0000,0.0000,0.0000,0.0000,0.0000,'{\"_token\": \"Sh5gAliLSkXopX8esKrGZqDns9jzSVnY6Un2xeM9\", \"quantity\": 2, \"attributes\": {\"size\": {\"option_id\": 6, \"option_label\": \"S\", \"attribute_name\": \"Size\"}, \"color\": {\"option_id\": 1, \"option_label\": \"Red\", \"attribute_name\": \"Color\"}}, \"is_buy_now\": \"1\", \"product_id\": \"40\", \"super_attribute\": {\"23\": \"1\", \"24\": \"6\"}, \"selected_configurable_option\": \"41\"}',NULL,40,21,NULL,'2019-11-24 18:40:22','2019-11-24 18:43:40',NULL),(19,0,'configurable-01-variant-1-6','simple','configurable-01-variant-1-6',NULL,1.0000,0.0000,0.0000,1.0000,0.0000,0.0000,0.0000,0.0000,0.0000,0.0000,0.0000,0.0000,0.0000,'{\"parent_id\": 40, \"product_id\": 41}',18,41,21,NULL,'2019-11-24 18:40:22','2019-11-24 18:40:33',NULL),(20,1,'configurable-01','configurable','configurable-01',NULL,0.1000,0.1000,0.1000,1100.0000,1100.0000,1100.0000,1100.0000,0.0000,0.0000,0.0000,0.0000,0.0000,0.0000,'{\"_token\": \"Y30ByGpmdcuzLOpWUp8cMTXDSHr0Q55moIN0dcVl\", \"quantity\": \"1\", \"attributes\": {\"size\": {\"option_id\": 6, \"option_label\": \"S\", \"attribute_name\": \"Size\"}, \"color\": {\"option_id\": 1, \"option_label\": \"Red\", \"attribute_name\": \"Color\"}}, \"is_buy_now\": \"1\", \"product_id\": \"40\", \"super_attribute\": {\"23\": \"1\", \"24\": \"6\"}, \"selected_configurable_option\": \"41\"}',NULL,40,23,NULL,'2019-11-24 18:58:04','2019-11-24 18:59:49',NULL),(21,0,'configurable-01-variant-1-6','simple','configurable-01-variant-1-6',NULL,1.0000,0.0000,0.0000,1.0000,0.0000,0.0000,0.0000,0.0000,0.0000,0.0000,0.0000,0.0000,0.0000,'{\"parent_id\": 40, \"product_id\": 41}',20,41,23,NULL,'2019-11-24 18:58:04','2019-11-24 18:58:04',NULL);
/*!40000 ALTER TABLE `cart_items` ENABLE KEYS */;
UNLOCK TABLES;

--
-- Table structure for table `cart_payment`
--

DROP TABLE IF EXISTS `cart_payment`;
/*!40101 SET @saved_cs_client     = @@character_set_client */;
/*!40101 SET character_set_client = utf8 */;
CREATE TABLE `cart_payment` (
  `id` int(10) unsigned NOT NULL AUTO_INCREMENT,
  `method` varchar(191) COLLATE utf8mb4_unicode_ci NOT NULL,
  `method_title` varchar(191) COLLATE utf8mb4_unicode_ci DEFAULT NULL,
  `cart_id` int(10) unsigned DEFAULT NULL,
  `created_at` timestamp NULL DEFAULT NULL,
  `updated_at` timestamp NULL DEFAULT NULL,
  PRIMARY KEY (`id`),
  KEY `cart_payment_cart_id_foreign` (`cart_id`),
  CONSTRAINT `cart_payment_cart_id_foreign` FOREIGN KEY (`cart_id`) REFERENCES `cart` (`id`) ON DELETE CASCADE
) ENGINE=InnoDB AUTO_INCREMENT=2 DEFAULT CHARSET=utf8mb4 COLLATE=utf8mb4_unicode_ci ROW_FORMAT=DYNAMIC;
/*!40101 SET character_set_client = @saved_cs_client */;

--
-- Dumping data for table `cart_payment`
--

LOCK TABLES `cart_payment` WRITE;
/*!40000 ALTER TABLE `cart_payment` DISABLE KEYS */;
INSERT INTO `cart_payment` VALUES (1,'cashondelivery',NULL,9,'2019-11-24 15:17:34','2019-11-24 15:17:34');
/*!40000 ALTER TABLE `cart_payment` ENABLE KEYS */;
UNLOCK TABLES;

--
-- Table structure for table `cart_rule_cart`
--

DROP TABLE IF EXISTS `cart_rule_cart`;
/*!40101 SET @saved_cs_client     = @@character_set_client */;
/*!40101 SET character_set_client = utf8 */;
CREATE TABLE `cart_rule_cart` (
  `id` int(10) unsigned NOT NULL AUTO_INCREMENT,
  `cart_rule_id` int(10) unsigned DEFAULT NULL,
  `cart_id` int(10) unsigned DEFAULT NULL,
  `created_at` timestamp NULL DEFAULT NULL,
  `updated_at` timestamp NULL DEFAULT NULL,
  PRIMARY KEY (`id`),
  KEY `cart_rule_cart_cart_rule_id_foreign` (`cart_rule_id`),
  KEY `cart_rule_cart_cart_id_foreign` (`cart_id`),
  CONSTRAINT `cart_rule_cart_cart_id_foreign` FOREIGN KEY (`cart_id`) REFERENCES `cart` (`id`) ON DELETE CASCADE,
  CONSTRAINT `cart_rule_cart_cart_rule_id_foreign` FOREIGN KEY (`cart_rule_id`) REFERENCES `cart_rules` (`id`) ON DELETE CASCADE
) ENGINE=InnoDB DEFAULT CHARSET=utf8mb4 COLLATE=utf8mb4_unicode_ci ROW_FORMAT=DYNAMIC;
/*!40101 SET character_set_client = @saved_cs_client */;

--
-- Dumping data for table `cart_rule_cart`
--

LOCK TABLES `cart_rule_cart` WRITE;
/*!40000 ALTER TABLE `cart_rule_cart` DISABLE KEYS */;
/*!40000 ALTER TABLE `cart_rule_cart` ENABLE KEYS */;
UNLOCK TABLES;

--
-- Table structure for table `cart_rule_channels`
--

DROP TABLE IF EXISTS `cart_rule_channels`;
/*!40101 SET @saved_cs_client     = @@character_set_client */;
/*!40101 SET character_set_client = utf8 */;
CREATE TABLE `cart_rule_channels` (
  `id` int(10) unsigned NOT NULL AUTO_INCREMENT,
  `cart_rule_id` int(10) unsigned NOT NULL,
  `channel_id` int(10) unsigned NOT NULL,
  `created_at` timestamp NULL DEFAULT NULL,
  `updated_at` timestamp NULL DEFAULT NULL,
  PRIMARY KEY (`id`),
  KEY `cart_rule_channels_cart_rule_id_foreign` (`cart_rule_id`),
  KEY `cart_rule_channels_channel_id_foreign` (`channel_id`),
  CONSTRAINT `cart_rule_channels_cart_rule_id_foreign` FOREIGN KEY (`cart_rule_id`) REFERENCES `cart_rules` (`id`) ON DELETE CASCADE,
  CONSTRAINT `cart_rule_channels_channel_id_foreign` FOREIGN KEY (`channel_id`) REFERENCES `channels` (`id`) ON DELETE CASCADE
) ENGINE=InnoDB DEFAULT CHARSET=utf8mb4 COLLATE=utf8mb4_unicode_ci ROW_FORMAT=DYNAMIC;
/*!40101 SET character_set_client = @saved_cs_client */;

--
-- Dumping data for table `cart_rule_channels`
--

LOCK TABLES `cart_rule_channels` WRITE;
/*!40000 ALTER TABLE `cart_rule_channels` DISABLE KEYS */;
/*!40000 ALTER TABLE `cart_rule_channels` ENABLE KEYS */;
UNLOCK TABLES;

--
-- Table structure for table `cart_rule_coupons`
--

DROP TABLE IF EXISTS `cart_rule_coupons`;
/*!40101 SET @saved_cs_client     = @@character_set_client */;
/*!40101 SET character_set_client = utf8 */;
CREATE TABLE `cart_rule_coupons` (
  `id` int(10) unsigned NOT NULL AUTO_INCREMENT,
  `cart_rule_id` int(10) unsigned NOT NULL,
  `prefix` varchar(191) COLLATE utf8mb4_unicode_ci DEFAULT NULL,
  `suffix` varchar(191) COLLATE utf8mb4_unicode_ci DEFAULT NULL,
  `code` varchar(191) COLLATE utf8mb4_unicode_ci DEFAULT NULL,
  `usage_limit` int(10) unsigned NOT NULL DEFAULT '0',
  `usage_per_customer` int(10) unsigned NOT NULL DEFAULT '0',
  `usage_throttle` int(10) unsigned NOT NULL DEFAULT '0',
  `type` int(10) unsigned NOT NULL DEFAULT '0',
  `created_at` timestamp NULL DEFAULT NULL,
  `updated_at` timestamp NULL DEFAULT NULL,
  PRIMARY KEY (`id`),
  KEY `cart_rule_coupons_cart_rule_id_foreign` (`cart_rule_id`),
  CONSTRAINT `cart_rule_coupons_cart_rule_id_foreign` FOREIGN KEY (`cart_rule_id`) REFERENCES `cart_rules` (`id`) ON DELETE CASCADE
) ENGINE=InnoDB DEFAULT CHARSET=utf8mb4 COLLATE=utf8mb4_unicode_ci ROW_FORMAT=DYNAMIC;
/*!40101 SET character_set_client = @saved_cs_client */;

--
-- Dumping data for table `cart_rule_coupons`
--

LOCK TABLES `cart_rule_coupons` WRITE;
/*!40000 ALTER TABLE `cart_rule_coupons` DISABLE KEYS */;
/*!40000 ALTER TABLE `cart_rule_coupons` ENABLE KEYS */;
UNLOCK TABLES;

--
-- Table structure for table `cart_rule_coupons_usage`
--

DROP TABLE IF EXISTS `cart_rule_coupons_usage`;
/*!40101 SET @saved_cs_client     = @@character_set_client */;
/*!40101 SET character_set_client = utf8 */;
CREATE TABLE `cart_rule_coupons_usage` (
  `id` int(10) unsigned NOT NULL AUTO_INCREMENT,
  `coupon_id` int(10) unsigned NOT NULL,
  `channel_id` int(10) unsigned NOT NULL,
  `customer_id` int(10) unsigned NOT NULL,
  `usage` bigint(20) unsigned NOT NULL DEFAULT '0',
  `expired_on` date NOT NULL,
  `created_at` timestamp NULL DEFAULT NULL,
  `updated_at` timestamp NULL DEFAULT NULL,
  PRIMARY KEY (`id`),
  KEY `cart_rule_coupons_usage_coupon_id_foreign` (`coupon_id`),
  KEY `cart_rule_coupons_usage_channel_id_foreign` (`channel_id`),
  KEY `cart_rule_coupons_usage_customer_id_foreign` (`customer_id`),
  CONSTRAINT `cart_rule_coupons_usage_channel_id_foreign` FOREIGN KEY (`channel_id`) REFERENCES `channels` (`id`) ON DELETE CASCADE,
  CONSTRAINT `cart_rule_coupons_usage_coupon_id_foreign` FOREIGN KEY (`coupon_id`) REFERENCES `cart_rules` (`id`) ON DELETE CASCADE,
  CONSTRAINT `cart_rule_coupons_usage_customer_id_foreign` FOREIGN KEY (`customer_id`) REFERENCES `customers` (`id`) ON DELETE CASCADE
) ENGINE=InnoDB DEFAULT CHARSET=utf8mb4 COLLATE=utf8mb4_unicode_ci ROW_FORMAT=DYNAMIC;
/*!40101 SET character_set_client = @saved_cs_client */;

--
-- Dumping data for table `cart_rule_coupons_usage`
--

LOCK TABLES `cart_rule_coupons_usage` WRITE;
/*!40000 ALTER TABLE `cart_rule_coupons_usage` DISABLE KEYS */;
/*!40000 ALTER TABLE `cart_rule_coupons_usage` ENABLE KEYS */;
UNLOCK TABLES;

--
-- Table structure for table `cart_rule_customer_groups`
--

DROP TABLE IF EXISTS `cart_rule_customer_groups`;
/*!40101 SET @saved_cs_client     = @@character_set_client */;
/*!40101 SET character_set_client = utf8 */;
CREATE TABLE `cart_rule_customer_groups` (
  `id` int(10) unsigned NOT NULL AUTO_INCREMENT,
  `cart_rule_id` int(10) unsigned NOT NULL,
  `customer_group_id` int(10) unsigned NOT NULL,
  `created_at` timestamp NULL DEFAULT NULL,
  `updated_at` timestamp NULL DEFAULT NULL,
  PRIMARY KEY (`id`),
  KEY `cart_rule_customer_groups_cart_rule_id_foreign` (`cart_rule_id`),
  KEY `cart_rule_customer_groups_customer_group_id_foreign` (`customer_group_id`),
  CONSTRAINT `cart_rule_customer_groups_cart_rule_id_foreign` FOREIGN KEY (`cart_rule_id`) REFERENCES `cart_rules` (`id`) ON DELETE CASCADE,
  CONSTRAINT `cart_rule_customer_groups_customer_group_id_foreign` FOREIGN KEY (`customer_group_id`) REFERENCES `customer_groups` (`id`) ON DELETE CASCADE
) ENGINE=InnoDB DEFAULT CHARSET=utf8mb4 COLLATE=utf8mb4_unicode_ci ROW_FORMAT=DYNAMIC;
/*!40101 SET character_set_client = @saved_cs_client */;

--
-- Dumping data for table `cart_rule_customer_groups`
--

LOCK TABLES `cart_rule_customer_groups` WRITE;
/*!40000 ALTER TABLE `cart_rule_customer_groups` DISABLE KEYS */;
/*!40000 ALTER TABLE `cart_rule_customer_groups` ENABLE KEYS */;
UNLOCK TABLES;

--
-- Table structure for table `cart_rule_customers`
--

DROP TABLE IF EXISTS `cart_rule_customers`;
/*!40101 SET @saved_cs_client     = @@character_set_client */;
/*!40101 SET character_set_client = utf8 */;
CREATE TABLE `cart_rule_customers` (
  `id` int(10) unsigned NOT NULL AUTO_INCREMENT,
  `cart_rule_id` int(10) unsigned NOT NULL,
  `customer_id` int(10) unsigned NOT NULL,
  `usage_throttle` bigint(20) unsigned NOT NULL DEFAULT '0',
  `created_at` timestamp NULL DEFAULT NULL,
  `updated_at` timestamp NULL DEFAULT NULL,
  PRIMARY KEY (`id`),
  KEY `cart_rule_customers_cart_rule_id_foreign` (`cart_rule_id`),
  KEY `cart_rule_customers_customer_id_foreign` (`customer_id`),
  CONSTRAINT `cart_rule_customers_cart_rule_id_foreign` FOREIGN KEY (`cart_rule_id`) REFERENCES `cart_rules` (`id`) ON DELETE CASCADE,
  CONSTRAINT `cart_rule_customers_customer_id_foreign` FOREIGN KEY (`customer_id`) REFERENCES `customers` (`id`) ON DELETE CASCADE
) ENGINE=InnoDB DEFAULT CHARSET=utf8mb4 COLLATE=utf8mb4_unicode_ci ROW_FORMAT=DYNAMIC;
/*!40101 SET character_set_client = @saved_cs_client */;

--
-- Dumping data for table `cart_rule_customers`
--

LOCK TABLES `cart_rule_customers` WRITE;
/*!40000 ALTER TABLE `cart_rule_customers` DISABLE KEYS */;
/*!40000 ALTER TABLE `cart_rule_customers` ENABLE KEYS */;
UNLOCK TABLES;

--
-- Table structure for table `cart_rule_labels`
--

DROP TABLE IF EXISTS `cart_rule_labels`;
/*!40101 SET @saved_cs_client     = @@character_set_client */;
/*!40101 SET character_set_client = utf8 */;
CREATE TABLE `cart_rule_labels` (
  `id` int(10) unsigned NOT NULL AUTO_INCREMENT,
  `channel_id` int(10) unsigned DEFAULT NULL,
  `locale_id` int(10) unsigned DEFAULT NULL,
  `cart_rule_id` int(10) unsigned DEFAULT NULL,
  `label` text COLLATE utf8mb4_unicode_ci,
  `created_at` timestamp NULL DEFAULT NULL,
  `updated_at` timestamp NULL DEFAULT NULL,
  PRIMARY KEY (`id`),
  KEY `cart_rule_labels_channel_id_foreign` (`channel_id`),
  KEY `cart_rule_labels_locale_id_foreign` (`locale_id`),
  KEY `cart_rule_labels_cart_rule_id_foreign` (`cart_rule_id`),
  CONSTRAINT `cart_rule_labels_cart_rule_id_foreign` FOREIGN KEY (`cart_rule_id`) REFERENCES `cart_rules` (`id`) ON DELETE CASCADE,
  CONSTRAINT `cart_rule_labels_channel_id_foreign` FOREIGN KEY (`channel_id`) REFERENCES `channels` (`id`) ON DELETE CASCADE,
  CONSTRAINT `cart_rule_labels_locale_id_foreign` FOREIGN KEY (`locale_id`) REFERENCES `locales` (`id`) ON DELETE CASCADE
) ENGINE=InnoDB DEFAULT CHARSET=utf8mb4 COLLATE=utf8mb4_unicode_ci ROW_FORMAT=DYNAMIC;
/*!40101 SET character_set_client = @saved_cs_client */;

--
-- Dumping data for table `cart_rule_labels`
--

LOCK TABLES `cart_rule_labels` WRITE;
/*!40000 ALTER TABLE `cart_rule_labels` DISABLE KEYS */;
/*!40000 ALTER TABLE `cart_rule_labels` ENABLE KEYS */;
UNLOCK TABLES;

--
-- Table structure for table `cart_rules`
--

DROP TABLE IF EXISTS `cart_rules`;
/*!40101 SET @saved_cs_client     = @@character_set_client */;
/*!40101 SET character_set_client = utf8 */;
CREATE TABLE `cart_rules` (
  `id` int(10) unsigned NOT NULL AUTO_INCREMENT,
  `name` varchar(191) COLLATE utf8mb4_unicode_ci DEFAULT NULL,
  `description` varchar(191) COLLATE utf8mb4_unicode_ci DEFAULT NULL,
  `starts_from` datetime DEFAULT NULL,
  `ends_till` datetime DEFAULT NULL,
  `status` tinyint(1) NOT NULL DEFAULT '0',
  `per_customer` int(10) unsigned NOT NULL DEFAULT '0',
  `use_coupon` tinyint(1) NOT NULL DEFAULT '0',
  `usage_limit` int(10) unsigned NOT NULL DEFAULT '0',
  `conditions` json DEFAULT NULL,
  `actions` json DEFAULT NULL,
  `end_other_rules` tinyint(1) NOT NULL DEFAULT '0',
  `priority` int(10) unsigned NOT NULL DEFAULT '0',
  `uses_attribute_conditions` tinyint(1) NOT NULL DEFAULT '0',
  `product_ids` longtext COLLATE utf8mb4_unicode_ci,
  `sort_order` int(10) unsigned NOT NULL DEFAULT '0',
  `action_type` varchar(191) COLLATE utf8mb4_unicode_ci DEFAULT NULL,
  `disc_amount` decimal(12,4) NOT NULL DEFAULT '0.0000',
  `disc_quantity` decimal(12,4) NOT NULL DEFAULT '1.0000',
  `disc_threshold` varchar(191) COLLATE utf8mb4_unicode_ci NOT NULL DEFAULT '1',
  `coupon_type` int(11) NOT NULL DEFAULT '1',
  `auto_generation` tinyint(1) NOT NULL DEFAULT '0',
  `apply_to_shipping` tinyint(1) NOT NULL DEFAULT '0',
  `free_shipping` tinyint(1) NOT NULL DEFAULT '0',
  `created_at` timestamp NULL DEFAULT NULL,
  `updated_at` timestamp NULL DEFAULT NULL,
  `products_selection` json DEFAULT NULL,
  PRIMARY KEY (`id`)
) ENGINE=InnoDB DEFAULT CHARSET=utf8mb4 COLLATE=utf8mb4_unicode_ci ROW_FORMAT=DYNAMIC;
/*!40101 SET character_set_client = @saved_cs_client */;

--
-- Dumping data for table `cart_rules`
--

LOCK TABLES `cart_rules` WRITE;
/*!40000 ALTER TABLE `cart_rules` DISABLE KEYS */;
/*!40000 ALTER TABLE `cart_rules` ENABLE KEYS */;
UNLOCK TABLES;

--
-- Table structure for table `cart_shipping_rates`
--

DROP TABLE IF EXISTS `cart_shipping_rates`;
/*!40101 SET @saved_cs_client     = @@character_set_client */;
/*!40101 SET character_set_client = utf8 */;
CREATE TABLE `cart_shipping_rates` (
  `id` int(10) unsigned NOT NULL AUTO_INCREMENT,
  `carrier` varchar(191) COLLATE utf8mb4_unicode_ci NOT NULL,
  `carrier_title` varchar(191) COLLATE utf8mb4_unicode_ci NOT NULL,
  `method` varchar(191) COLLATE utf8mb4_unicode_ci NOT NULL,
  `method_title` varchar(191) COLLATE utf8mb4_unicode_ci NOT NULL,
  `method_description` varchar(191) COLLATE utf8mb4_unicode_ci DEFAULT NULL,
  `price` double DEFAULT '0',
  `base_price` double DEFAULT '0',
  `cart_address_id` int(10) unsigned DEFAULT NULL,
  `created_at` timestamp NULL DEFAULT NULL,
  `updated_at` timestamp NULL DEFAULT NULL,
  PRIMARY KEY (`id`),
  KEY `cart_shipping_rates_cart_address_id_foreign` (`cart_address_id`),
  CONSTRAINT `cart_shipping_rates_cart_address_id_foreign` FOREIGN KEY (`cart_address_id`) REFERENCES `cart_address` (`id`) ON DELETE CASCADE
) ENGINE=InnoDB AUTO_INCREMENT=2 DEFAULT CHARSET=utf8mb4 COLLATE=utf8mb4_unicode_ci ROW_FORMAT=DYNAMIC;
/*!40101 SET character_set_client = @saved_cs_client */;

--
-- Dumping data for table `cart_shipping_rates`
--

LOCK TABLES `cart_shipping_rates` WRITE;
/*!40000 ALTER TABLE `cart_shipping_rates` DISABLE KEYS */;
INSERT INTO `cart_shipping_rates` VALUES (1,'free','Free Shipping','free_free','Free Shipping','Free Shipping',0,0,2,'2019-11-24 15:17:11','2019-11-24 15:17:11');
/*!40000 ALTER TABLE `cart_shipping_rates` ENABLE KEYS */;
UNLOCK TABLES;

--
-- Table structure for table `catalog_rule_channels`
--

DROP TABLE IF EXISTS `catalog_rule_channels`;
/*!40101 SET @saved_cs_client     = @@character_set_client */;
/*!40101 SET character_set_client = utf8 */;
CREATE TABLE `catalog_rule_channels` (
  `id` int(10) unsigned NOT NULL AUTO_INCREMENT,
  `channel_id` int(10) unsigned NOT NULL,
  `catalog_rule_id` int(10) unsigned NOT NULL,
  `created_at` timestamp NULL DEFAULT NULL,
  `updated_at` timestamp NULL DEFAULT NULL,
  PRIMARY KEY (`id`),
  KEY `catalog_rule_channels_channel_id_foreign` (`channel_id`),
  KEY `catalog_rule_channels_catalog_rule_id_foreign` (`catalog_rule_id`),
  CONSTRAINT `catalog_rule_channels_catalog_rule_id_foreign` FOREIGN KEY (`catalog_rule_id`) REFERENCES `catalog_rules` (`id`) ON DELETE CASCADE,
  CONSTRAINT `catalog_rule_channels_channel_id_foreign` FOREIGN KEY (`channel_id`) REFERENCES `channels` (`id`) ON DELETE CASCADE
) ENGINE=InnoDB DEFAULT CHARSET=utf8mb4 COLLATE=utf8mb4_unicode_ci ROW_FORMAT=DYNAMIC;
/*!40101 SET character_set_client = @saved_cs_client */;

--
-- Dumping data for table `catalog_rule_channels`
--

LOCK TABLES `catalog_rule_channels` WRITE;
/*!40000 ALTER TABLE `catalog_rule_channels` DISABLE KEYS */;
/*!40000 ALTER TABLE `catalog_rule_channels` ENABLE KEYS */;
UNLOCK TABLES;

--
-- Table structure for table `catalog_rule_customer_groups`
--

DROP TABLE IF EXISTS `catalog_rule_customer_groups`;
/*!40101 SET @saved_cs_client     = @@character_set_client */;
/*!40101 SET character_set_client = utf8 */;
CREATE TABLE `catalog_rule_customer_groups` (
  `id` int(10) unsigned NOT NULL AUTO_INCREMENT,
  `customer_group_id` int(10) unsigned NOT NULL,
  `catalog_rule_id` int(10) unsigned NOT NULL,
  `created_at` timestamp NULL DEFAULT NULL,
  `updated_at` timestamp NULL DEFAULT NULL,
  PRIMARY KEY (`id`),
  KEY `catalog_rule_customer_groups_customer_group_id_foreign` (`customer_group_id`),
  KEY `catalog_rule_customer_groups_catalog_rule_id_foreign` (`catalog_rule_id`),
  CONSTRAINT `catalog_rule_customer_groups_catalog_rule_id_foreign` FOREIGN KEY (`catalog_rule_id`) REFERENCES `catalog_rules` (`id`) ON DELETE CASCADE,
  CONSTRAINT `catalog_rule_customer_groups_customer_group_id_foreign` FOREIGN KEY (`customer_group_id`) REFERENCES `customer_groups` (`id`) ON DELETE CASCADE
) ENGINE=InnoDB DEFAULT CHARSET=utf8mb4 COLLATE=utf8mb4_unicode_ci ROW_FORMAT=DYNAMIC;
/*!40101 SET character_set_client = @saved_cs_client */;

--
-- Dumping data for table `catalog_rule_customer_groups`
--

LOCK TABLES `catalog_rule_customer_groups` WRITE;
/*!40000 ALTER TABLE `catalog_rule_customer_groups` DISABLE KEYS */;
/*!40000 ALTER TABLE `catalog_rule_customer_groups` ENABLE KEYS */;
UNLOCK TABLES;

--
-- Table structure for table `catalog_rule_products`
--

DROP TABLE IF EXISTS `catalog_rule_products`;
/*!40101 SET @saved_cs_client     = @@character_set_client */;
/*!40101 SET character_set_client = utf8 */;
CREATE TABLE `catalog_rule_products` (
  `id` bigint(20) unsigned NOT NULL AUTO_INCREMENT,
  `catalog_rule_id` int(10) unsigned NOT NULL,
  `starts_from` datetime DEFAULT NULL,
  `ends_till` datetime DEFAULT NULL,
  `customer_group_id` int(10) unsigned NOT NULL,
  `channel_id` int(10) unsigned NOT NULL,
  `product_id` int(10) unsigned NOT NULL,
  `action_code` varchar(191) COLLATE utf8mb4_unicode_ci DEFAULT NULL,
  `action_amount` decimal(20,4) NOT NULL DEFAULT '0.0000',
  `created_at` timestamp NULL DEFAULT NULL,
  `updated_at` timestamp NULL DEFAULT NULL,
  PRIMARY KEY (`id`),
  KEY `catalog_rule_products_catalog_rule_id_foreign` (`catalog_rule_id`),
  KEY `catalog_rule_products_customer_group_id_foreign` (`customer_group_id`),
  KEY `catalog_rule_products_channel_id_foreign` (`channel_id`),
  KEY `catalog_rule_products_product_id_foreign` (`product_id`),
  CONSTRAINT `catalog_rule_products_catalog_rule_id_foreign` FOREIGN KEY (`catalog_rule_id`) REFERENCES `catalog_rules` (`id`) ON DELETE CASCADE,
  CONSTRAINT `catalog_rule_products_channel_id_foreign` FOREIGN KEY (`channel_id`) REFERENCES `channels` (`id`) ON DELETE CASCADE,
  CONSTRAINT `catalog_rule_products_customer_group_id_foreign` FOREIGN KEY (`customer_group_id`) REFERENCES `customer_groups` (`id`) ON DELETE CASCADE,
  CONSTRAINT `catalog_rule_products_product_id_foreign` FOREIGN KEY (`product_id`) REFERENCES `products` (`id`) ON DELETE CASCADE
) ENGINE=InnoDB DEFAULT CHARSET=utf8mb4 COLLATE=utf8mb4_unicode_ci ROW_FORMAT=DYNAMIC;
/*!40101 SET character_set_client = @saved_cs_client */;

--
-- Dumping data for table `catalog_rule_products`
--

LOCK TABLES `catalog_rule_products` WRITE;
/*!40000 ALTER TABLE `catalog_rule_products` DISABLE KEYS */;
/*!40000 ALTER TABLE `catalog_rule_products` ENABLE KEYS */;
UNLOCK TABLES;

--
-- Table structure for table `catalog_rule_products_price`
--

DROP TABLE IF EXISTS `catalog_rule_products_price`;
/*!40101 SET @saved_cs_client     = @@character_set_client */;
/*!40101 SET character_set_client = utf8 */;
CREATE TABLE `catalog_rule_products_price` (
  `id` bigint(20) unsigned NOT NULL AUTO_INCREMENT,
  `channel_id` int(10) unsigned NOT NULL,
  `customer_group_id` int(10) unsigned NOT NULL,
  `product_id` int(10) unsigned NOT NULL,
  `catalog_rule_id` int(10) unsigned NOT NULL,
  `rule_price` decimal(20,4) NOT NULL DEFAULT '0.0000',
  `starts_from` datetime DEFAULT NULL,
  `ends_till` datetime DEFAULT NULL,
  `created_at` timestamp NULL DEFAULT NULL,
  `updated_at` timestamp NULL DEFAULT NULL,
  PRIMARY KEY (`id`),
  KEY `catalog_rule_products_price_channel_id_foreign` (`channel_id`),
  KEY `catalog_rule_products_price_customer_group_id_foreign` (`customer_group_id`),
  KEY `catalog_rule_products_price_product_id_foreign` (`product_id`),
  KEY `catalog_rule_products_price_catalog_rule_id_foreign` (`catalog_rule_id`),
  CONSTRAINT `catalog_rule_products_price_catalog_rule_id_foreign` FOREIGN KEY (`catalog_rule_id`) REFERENCES `catalog_rules` (`id`) ON DELETE CASCADE,
  CONSTRAINT `catalog_rule_products_price_channel_id_foreign` FOREIGN KEY (`channel_id`) REFERENCES `channels` (`id`) ON DELETE CASCADE,
  CONSTRAINT `catalog_rule_products_price_customer_group_id_foreign` FOREIGN KEY (`customer_group_id`) REFERENCES `customer_groups` (`id`) ON DELETE CASCADE,
  CONSTRAINT `catalog_rule_products_price_product_id_foreign` FOREIGN KEY (`product_id`) REFERENCES `products` (`id`) ON DELETE CASCADE
) ENGINE=InnoDB DEFAULT CHARSET=utf8mb4 COLLATE=utf8mb4_unicode_ci ROW_FORMAT=DYNAMIC;
/*!40101 SET character_set_client = @saved_cs_client */;

--
-- Dumping data for table `catalog_rule_products_price`
--

LOCK TABLES `catalog_rule_products_price` WRITE;
/*!40000 ALTER TABLE `catalog_rule_products_price` DISABLE KEYS */;
/*!40000 ALTER TABLE `catalog_rule_products_price` ENABLE KEYS */;
UNLOCK TABLES;

--
-- Table structure for table `catalog_rules`
--

DROP TABLE IF EXISTS `catalog_rules`;
/*!40101 SET @saved_cs_client     = @@character_set_client */;
/*!40101 SET character_set_client = utf8 */;
CREATE TABLE `catalog_rules` (
  `id` int(10) unsigned NOT NULL AUTO_INCREMENT,
  `name` varchar(191) COLLATE utf8mb4_unicode_ci NOT NULL,
  `description` text COLLATE utf8mb4_unicode_ci NOT NULL,
  `starts_from` datetime DEFAULT NULL,
  `ends_till` datetime DEFAULT NULL,
  `status` tinyint(1) NOT NULL DEFAULT '0',
  `conditions` json DEFAULT NULL,
  `actions` json DEFAULT NULL,
  `end_other_rules` tinyint(1) NOT NULL DEFAULT '0',
  `action_code` varchar(191) COLLATE utf8mb4_unicode_ci DEFAULT NULL,
  `discount_amount` decimal(20,4) NOT NULL DEFAULT '0.0000',
  `created_at` timestamp NULL DEFAULT NULL,
  `updated_at` timestamp NULL DEFAULT NULL,
  PRIMARY KEY (`id`)
) ENGINE=InnoDB DEFAULT CHARSET=utf8mb4 COLLATE=utf8mb4_unicode_ci ROW_FORMAT=DYNAMIC;
/*!40101 SET character_set_client = @saved_cs_client */;

--
-- Dumping data for table `catalog_rules`
--

LOCK TABLES `catalog_rules` WRITE;
/*!40000 ALTER TABLE `catalog_rules` DISABLE KEYS */;
/*!40000 ALTER TABLE `catalog_rules` ENABLE KEYS */;
UNLOCK TABLES;

--
-- Table structure for table `categories`
--

DROP TABLE IF EXISTS `categories`;
/*!40101 SET @saved_cs_client     = @@character_set_client */;
/*!40101 SET character_set_client = utf8 */;
CREATE TABLE `categories` (
  `id` int(10) unsigned NOT NULL AUTO_INCREMENT,
  `position` int(11) NOT NULL DEFAULT '0',
  `image` varchar(191) COLLATE utf8mb4_unicode_ci DEFAULT NULL,
  `status` tinyint(1) NOT NULL DEFAULT '0',
  `_lft` int(10) unsigned NOT NULL DEFAULT '0',
  `_rgt` int(10) unsigned NOT NULL DEFAULT '0',
  `parent_id` int(10) unsigned DEFAULT NULL,
  `created_at` timestamp NULL DEFAULT NULL,
  `updated_at` timestamp NULL DEFAULT NULL,
  `display_mode` varchar(191) COLLATE utf8mb4_unicode_ci DEFAULT 'products_and_description',
  PRIMARY KEY (`id`),
  KEY `categories__lft__rgt_parent_id_index` (`_lft`,`_rgt`,`parent_id`)
) ENGINE=InnoDB AUTO_INCREMENT=16 DEFAULT CHARSET=utf8mb4 COLLATE=utf8mb4_unicode_ci ROW_FORMAT=DYNAMIC;
/*!40101 SET character_set_client = @saved_cs_client */;

--
-- Dumping data for table `categories`
--

LOCK TABLES `categories` WRITE;
/*!40000 ALTER TABLE `categories` DISABLE KEYS */;
INSERT INTO `categories` VALUES (12,1,'category/12/ShxtgDCIt1k5mSAgNL0WY5RTRU1xM8J2czkYpiWS.jpeg',1,1,2,NULL,'2019-11-16 14:42:21','2019-11-16 14:42:22','products_only'),(13,2,'category/13/gZeXksWyxqIXRes5K5TIIoOS9bRheqSRgdp8QtlU.jpeg',1,3,4,NULL,'2019-11-16 15:03:29','2019-11-16 15:03:30','products_only'),(14,3,'category/14/ofpfZSIzQargM2XBGdrIknkPuc6Dlfc4ZBBH2kjV.jpeg',1,5,6,NULL,'2019-11-16 15:04:58','2019-11-16 15:04:58','products_only'),(15,4,'category/15/sBbBb0WSllEnl8M6fQLqREmw5pbw0Vjpubc6lWBz.jpeg',1,7,8,NULL,'2019-11-16 15:06:11','2019-11-16 15:06:11','products_only');
/*!40000 ALTER TABLE `categories` ENABLE KEYS */;
UNLOCK TABLES;

--
-- Table structure for table `category_filterable_attributes`
--

DROP TABLE IF EXISTS `category_filterable_attributes`;
/*!40101 SET @saved_cs_client     = @@character_set_client */;
/*!40101 SET character_set_client = utf8 */;
CREATE TABLE `category_filterable_attributes` (
  `category_id` int(10) unsigned NOT NULL,
  `attribute_id` int(10) unsigned NOT NULL,
  KEY `category_filterable_attributes_category_id_foreign` (`category_id`),
  KEY `category_filterable_attributes_attribute_id_foreign` (`attribute_id`),
  CONSTRAINT `category_filterable_attributes_attribute_id_foreign` FOREIGN KEY (`attribute_id`) REFERENCES `attributes` (`id`) ON DELETE CASCADE,
  CONSTRAINT `category_filterable_attributes_category_id_foreign` FOREIGN KEY (`category_id`) REFERENCES `categories` (`id`) ON DELETE CASCADE
) ENGINE=InnoDB DEFAULT CHARSET=utf8mb4 COLLATE=utf8mb4_unicode_ci ROW_FORMAT=DYNAMIC;
/*!40101 SET character_set_client = @saved_cs_client */;

--
-- Dumping data for table `category_filterable_attributes`
--

LOCK TABLES `category_filterable_attributes` WRITE;
/*!40000 ALTER TABLE `category_filterable_attributes` DISABLE KEYS */;
INSERT INTO `category_filterable_attributes` VALUES (12,11),(12,23),(12,24),(12,25),(13,11),(13,23),(13,24),(13,25),(14,11),(14,23),(14,24),(14,25),(15,11),(15,23),(15,24),(15,25);
/*!40000 ALTER TABLE `category_filterable_attributes` ENABLE KEYS */;
UNLOCK TABLES;

--
-- Table structure for table `category_translations`
--

DROP TABLE IF EXISTS `category_translations`;
/*!40101 SET @saved_cs_client     = @@character_set_client */;
/*!40101 SET character_set_client = utf8 */;
CREATE TABLE `category_translations` (
  `id` int(10) unsigned NOT NULL AUTO_INCREMENT,
  `name` text COLLATE utf8mb4_unicode_ci NOT NULL,
  `slug` varchar(191) COLLATE utf8mb4_unicode_ci NOT NULL,
  `description` text COLLATE utf8mb4_unicode_ci,
  `meta_title` text COLLATE utf8mb4_unicode_ci,
  `meta_description` text COLLATE utf8mb4_unicode_ci,
  `meta_keywords` text COLLATE utf8mb4_unicode_ci,
  `category_id` int(10) unsigned NOT NULL,
  `locale` varchar(191) COLLATE utf8mb4_unicode_ci NOT NULL,
  `locale_id` int(10) unsigned DEFAULT NULL,
  PRIMARY KEY (`id`),
  UNIQUE KEY `category_translations_category_id_slug_locale_unique` (`category_id`,`slug`,`locale`),
  KEY `category_translations_locale_id_foreign` (`locale_id`),
  CONSTRAINT `category_translations_category_id_foreign` FOREIGN KEY (`category_id`) REFERENCES `categories` (`id`) ON DELETE CASCADE,
  CONSTRAINT `category_translations_locale_id_foreign` FOREIGN KEY (`locale_id`) REFERENCES `locales` (`id`) ON DELETE CASCADE
) ENGINE=InnoDB AUTO_INCREMENT=16 DEFAULT CHARSET=utf8mb4 COLLATE=utf8mb4_unicode_ci ROW_FORMAT=DYNAMIC;
/*!40101 SET character_set_client = @saved_cs_client */;

--
-- Dumping data for table `category_translations`
--

LOCK TABLES `category_translations` WRITE;
/*!40000 ALTER TABLE `category_translations` DISABLE KEYS */;
INSERT INTO `category_translations` VALUES (12,'Dresses','dresses','','','','',12,'en',1),(13,'Top','top','','','','',13,'en',1),(14,'Frocks','frocks','','','','',14,'en',1),(15,'Party Wear','partywear','','','','',15,'en',1);
/*!40000 ALTER TABLE `category_translations` ENABLE KEYS */;
UNLOCK TABLES;

--
-- Table structure for table `channel_currencies`
--

DROP TABLE IF EXISTS `channel_currencies`;
/*!40101 SET @saved_cs_client     = @@character_set_client */;
/*!40101 SET character_set_client = utf8 */;
CREATE TABLE `channel_currencies` (
  `channel_id` int(10) unsigned NOT NULL,
  `currency_id` int(10) unsigned NOT NULL,
  PRIMARY KEY (`channel_id`,`currency_id`),
  KEY `channel_currencies_currency_id_foreign` (`currency_id`),
  CONSTRAINT `channel_currencies_channel_id_foreign` FOREIGN KEY (`channel_id`) REFERENCES `channels` (`id`) ON DELETE CASCADE,
  CONSTRAINT `channel_currencies_currency_id_foreign` FOREIGN KEY (`currency_id`) REFERENCES `currencies` (`id`) ON DELETE CASCADE
) ENGINE=InnoDB DEFAULT CHARSET=utf8mb4 COLLATE=utf8mb4_unicode_ci ROW_FORMAT=DYNAMIC;
/*!40101 SET character_set_client = @saved_cs_client */;

--
-- Dumping data for table `channel_currencies`
--

LOCK TABLES `channel_currencies` WRITE;
/*!40000 ALTER TABLE `channel_currencies` DISABLE KEYS */;
INSERT INTO `channel_currencies` VALUES (1,2);
/*!40000 ALTER TABLE `channel_currencies` ENABLE KEYS */;
UNLOCK TABLES;

--
-- Table structure for table `channel_inventory_sources`
--

DROP TABLE IF EXISTS `channel_inventory_sources`;
/*!40101 SET @saved_cs_client     = @@character_set_client */;
/*!40101 SET character_set_client = utf8 */;
CREATE TABLE `channel_inventory_sources` (
  `channel_id` int(10) unsigned NOT NULL,
  `inventory_source_id` int(10) unsigned NOT NULL,
  UNIQUE KEY `channel_inventory_sources_channel_id_inventory_source_id_unique` (`channel_id`,`inventory_source_id`),
  KEY `channel_inventory_sources_inventory_source_id_foreign` (`inventory_source_id`),
  CONSTRAINT `channel_inventory_sources_channel_id_foreign` FOREIGN KEY (`channel_id`) REFERENCES `channels` (`id`) ON DELETE CASCADE,
  CONSTRAINT `channel_inventory_sources_inventory_source_id_foreign` FOREIGN KEY (`inventory_source_id`) REFERENCES `inventory_sources` (`id`) ON DELETE CASCADE
) ENGINE=InnoDB DEFAULT CHARSET=utf8mb4 COLLATE=utf8mb4_unicode_ci ROW_FORMAT=DYNAMIC;
/*!40101 SET character_set_client = @saved_cs_client */;

--
-- Dumping data for table `channel_inventory_sources`
--

LOCK TABLES `channel_inventory_sources` WRITE;
/*!40000 ALTER TABLE `channel_inventory_sources` DISABLE KEYS */;
INSERT INTO `channel_inventory_sources` VALUES (1,1);
/*!40000 ALTER TABLE `channel_inventory_sources` ENABLE KEYS */;
UNLOCK TABLES;

--
-- Table structure for table `channel_locales`
--

DROP TABLE IF EXISTS `channel_locales`;
/*!40101 SET @saved_cs_client     = @@character_set_client */;
/*!40101 SET character_set_client = utf8 */;
CREATE TABLE `channel_locales` (
  `channel_id` int(10) unsigned NOT NULL,
  `locale_id` int(10) unsigned NOT NULL,
  PRIMARY KEY (`channel_id`,`locale_id`),
  KEY `channel_locales_locale_id_foreign` (`locale_id`),
  CONSTRAINT `channel_locales_channel_id_foreign` FOREIGN KEY (`channel_id`) REFERENCES `channels` (`id`) ON DELETE CASCADE,
  CONSTRAINT `channel_locales_locale_id_foreign` FOREIGN KEY (`locale_id`) REFERENCES `locales` (`id`) ON DELETE CASCADE
) ENGINE=InnoDB DEFAULT CHARSET=utf8mb4 COLLATE=utf8mb4_unicode_ci ROW_FORMAT=DYNAMIC;
/*!40101 SET character_set_client = @saved_cs_client */;

--
-- Dumping data for table `channel_locales`
--

LOCK TABLES `channel_locales` WRITE;
/*!40000 ALTER TABLE `channel_locales` DISABLE KEYS */;
INSERT INTO `channel_locales` VALUES (1,1);
/*!40000 ALTER TABLE `channel_locales` ENABLE KEYS */;
UNLOCK TABLES;

--
-- Table structure for table `channels`
--

DROP TABLE IF EXISTS `channels`;
/*!40101 SET @saved_cs_client     = @@character_set_client */;
/*!40101 SET character_set_client = utf8 */;
CREATE TABLE `channels` (
  `id` int(10) unsigned NOT NULL AUTO_INCREMENT,
  `code` varchar(191) COLLATE utf8mb4_unicode_ci NOT NULL,
  `name` varchar(191) COLLATE utf8mb4_unicode_ci NOT NULL,
  `description` text COLLATE utf8mb4_unicode_ci,
  `timezone` varchar(191) COLLATE utf8mb4_unicode_ci DEFAULT NULL,
  `theme` varchar(191) COLLATE utf8mb4_unicode_ci DEFAULT NULL,
  `hostname` varchar(191) COLLATE utf8mb4_unicode_ci DEFAULT NULL,
  `logo` varchar(191) COLLATE utf8mb4_unicode_ci DEFAULT NULL,
  `favicon` varchar(191) COLLATE utf8mb4_unicode_ci DEFAULT NULL,
  `home_page_content` text COLLATE utf8mb4_unicode_ci,
  `footer_content` text COLLATE utf8mb4_unicode_ci,
  `default_locale_id` int(10) unsigned NOT NULL,
  `base_currency_id` int(10) unsigned NOT NULL,
  `created_at` timestamp NULL DEFAULT NULL,
  `updated_at` timestamp NULL DEFAULT NULL,
  `root_category_id` int(10) unsigned DEFAULT NULL,
  `home_seo` json DEFAULT NULL,
  PRIMARY KEY (`id`),
  KEY `channels_default_locale_id_foreign` (`default_locale_id`),
  KEY `channels_base_currency_id_foreign` (`base_currency_id`),
  KEY `channels_root_category_id_foreign` (`root_category_id`),
  CONSTRAINT `channels_base_currency_id_foreign` FOREIGN KEY (`base_currency_id`) REFERENCES `currencies` (`id`),
  CONSTRAINT `channels_default_locale_id_foreign` FOREIGN KEY (`default_locale_id`) REFERENCES `locales` (`id`),
  CONSTRAINT `channels_root_category_id_foreign` FOREIGN KEY (`root_category_id`) REFERENCES `categories` (`id`) ON DELETE SET NULL
) ENGINE=InnoDB AUTO_INCREMENT=2 DEFAULT CHARSET=utf8mb4 COLLATE=utf8mb4_unicode_ci ROW_FORMAT=DYNAMIC;
/*!40101 SET character_set_client = @saved_cs_client */;

--
-- Dumping data for table `channels`
--

LOCK TABLES `channels` WRITE;
/*!40000 ALTER TABLE `channels` DISABLE KEYS */;
INSERT INTO `channels` VALUES (1,'default','Swankykidz','',NULL,'swankykidz','',NULL,NULL,'<p>@include(\"shop::home.slider\") @include(\"shop::home.featured-products\")&nbsp;</p>','<div class=\"list-container\"><span class=\"list-heading\">Quick Links</span>\r\n<ul class=\"list-group\">\r\n<li><a href=\"@php echo route(\" shop=\"\" cms=\"\" page=\"\" about-us=\"\" endphp=\"\">About Us</a></li>\r\n<li><a href=\"@php echo route(\" shop=\"\" cms=\"\" page=\"\" return-policy=\"\" endphp=\"\">Return Policy</a></li>\r\n<li><a href=\"@php echo route(\" shop=\"\" cms=\"\" page=\"\" refund-policy=\"\" endphp=\"\">Refund Policy</a></li>\r\n<li><a href=\"@php echo route(\" shop=\"\" cms=\"\" page=\"\" terms-conditions=\"\" endphp=\"\">Terms and conditions</a></li>\r\n<li><a href=\"@php echo route(\" shop=\"\" cms=\"\" page=\"\" terms-of-use=\"\" endphp=\"\">Terms of Use</a></li>\r\n<li><a href=\"@php echo route(\" shop=\"\" cms=\"\" page=\"\" contact-us=\"\" endphp=\"\">Contact Us</a></li>\r\n</ul>\r\n</div>\r\n<div class=\"list-container\"><span class=\"list-heading\">Connect With Us</span>\r\n<ul class=\"list-group\">\r\n<li><a href=\"#\"><span class=\"icon icon-facebook\"></span>Facebook </a></li>\r\n<li><a href=\"#\"><span class=\"icon icon-twitter\"></span> Twitter </a></li>\r\n<li><a href=\"#\"><span class=\"icon icon-instagram\"></span> Instagram </a></li>\r\n<li><a href=\"#\"> <span class=\"icon icon-google-plus\"></span>Google+ </a></li>\r\n<li><a href=\"#\"> <span class=\"icon icon-linkedin\"></span>LinkedIn </a></li>\r\n</ul>\r\n</div>',1,2,NULL,'2019-11-10 02:05:16',NULL,'{\"meta_title\": \"Swankykidz.lk\", \"meta_keywords\": \"Swankykidz.lk\", \"meta_description\": \"Swankykidz.lk\"}');
/*!40000 ALTER TABLE `channels` ENABLE KEYS */;
UNLOCK TABLES;

--
-- Table structure for table `cms_pages`
--

DROP TABLE IF EXISTS `cms_pages`;
/*!40101 SET @saved_cs_client     = @@character_set_client */;
/*!40101 SET character_set_client = utf8 */;
CREATE TABLE `cms_pages` (
  `id` int(10) unsigned NOT NULL AUTO_INCREMENT,
  `url_key` varchar(191) COLLATE utf8mb4_unicode_ci DEFAULT NULL,
  `html_content` longtext COLLATE utf8mb4_unicode_ci NOT NULL,
  `page_title` varchar(191) COLLATE utf8mb4_unicode_ci NOT NULL,
  `meta_title` varchar(191) COLLATE utf8mb4_unicode_ci NOT NULL,
  `meta_description` text COLLATE utf8mb4_unicode_ci,
  `meta_keywords` text COLLATE utf8mb4_unicode_ci,
  `content` json DEFAULT NULL,
  `layout` varchar(191) COLLATE utf8mb4_unicode_ci DEFAULT NULL,
  `channel_id` int(10) unsigned NOT NULL,
  `locale_id` int(10) unsigned NOT NULL,
  `created_at` timestamp NULL DEFAULT NULL,
  `updated_at` timestamp NULL DEFAULT NULL,
  PRIMARY KEY (`id`),
  KEY `cms_pages_channel_id_foreign` (`channel_id`),
  KEY `cms_pages_locale_id_foreign` (`locale_id`),
  CONSTRAINT `cms_pages_channel_id_foreign` FOREIGN KEY (`channel_id`) REFERENCES `channels` (`id`) ON DELETE CASCADE,
  CONSTRAINT `cms_pages_locale_id_foreign` FOREIGN KEY (`locale_id`) REFERENCES `locales` (`id`) ON DELETE CASCADE
) ENGINE=InnoDB AUTO_INCREMENT=7 DEFAULT CHARSET=utf8mb4 COLLATE=utf8mb4_unicode_ci ROW_FORMAT=DYNAMIC;
/*!40101 SET character_set_client = @saved_cs_client */;

--
-- Dumping data for table `cms_pages`
--

LOCK TABLES `cms_pages` WRITE;
/*!40000 ALTER TABLE `cms_pages` DISABLE KEYS */;
INSERT INTO `cms_pages` VALUES (1,'about-us','<div class=\"static-container one-column\">\n                                   <div class=\"mb-5\">About us page content</div>\n                                   </div>','About Us','about us','','aboutus','{\"html\": \"<div class=\\\"static-container one-column\\\">\\r\\n<div class=\\\"mb-5\\\">About us page content</div>\\r\\n</div>\", \"meta_title\": \"about us\", \"page_title\": \"About Us\", \"meta_keywords\": \"aboutus \", \"meta_description\": \"\"}',NULL,1,1,NULL,NULL),(2,'return-policy','<div class=\"static-container one-column\">\n                                   <div class=\"mb-5\">Return policy page content</div>\n                                   </div>','Return Policy','return policy','','return, policy','{\"html\": \"<div class=\\\"static-container one-column\\\">\\r\\n<div class=\\\"mb-5\\\">Return policy page content</div>\\r\\n</div>\", \"meta_title\": \"return policy\", \"page_title\": \"Return Policy\", \"meta_keywords\": \"return, policy \", \"meta_description\": \"\"}',NULL,1,1,NULL,NULL),(3,'refund-policy','<div class=\"static-container one-column\">\n                                   <div class=\"mb-5\">Refund policy page content</div>\n                                   </div>','Refund Policy','Refund policy','','refund, policy','{\"html\": \"<div class=\\\"static-container one-column\\\">\\r\\n<div class=\\\"mb-5\\\">Refund policy page content</div>\\r\\n</div>\", \"meta_title\": \"Refund policy\", \"page_title\": \"Refund Policy\", \"meta_keywords\": \"refund,policy \", \"meta_description\": \"\"}',NULL,1,1,NULL,NULL),(4,'terms-conditions','<div class=\"static-container one-column\">\n                                   <div class=\"mb-5\">Terms & conditions page content</div>\n                                   </div>','Terms & Conditions','Terms & Conditions','','term, conditions','{\"html\": \"<div class=\\\"static-container one-column\\\">\\r\\n<div class=\\\"mb-5\\\">Terms & conditions page content</div>\\r\\n</div>\", \"meta_title\": \"Terms & Conditions\", \"page_title\": \"Terms & Conditions\", \"meta_keywords\": \"terms, conditions \", \"meta_description\": \"\"}',NULL,1,1,NULL,NULL),(5,'terms-of-use','<div class=\"static-container one-column\">\n                                   <div class=\"mb-5\">Terms of use page content</div>\n                                   </div>','Terms of use','Terms of use','','term, use','{\"html\": \"<div class=\\\"static-container one-column\\\">\\r\\n<div class=\\\"mb-5\\\">Terms of use page content</div>\\r\\n</div>\", \"meta_title\": \"Terms of use\", \"page_title\": \"Terms of use\", \"meta_keywords\": \"terms, use \", \"meta_description\": \"\"}',NULL,1,1,NULL,NULL),(6,'contact-us','<div class=\"static-container one-column\">\n                                   <div class=\"mb-5\">Contact us page content</div>\n                                   </div>','Contact Us','Contact Us','','contact, us','{\"html\": \"<div class=\\\"static-container one-column\\\">\\r\\n<div class=\\\"mb-5\\\">Contact us page content</div>\\r\\n</div>\", \"meta_title\": \"Contact Us\", \"page_title\": \"Contact Us\", \"meta_keywords\": \"contact, us \", \"meta_description\": \"\"}',NULL,1,1,NULL,NULL);
/*!40000 ALTER TABLE `cms_pages` ENABLE KEYS */;
UNLOCK TABLES;

--
-- Table structure for table `core_config`
--

DROP TABLE IF EXISTS `core_config`;
/*!40101 SET @saved_cs_client     = @@character_set_client */;
/*!40101 SET character_set_client = utf8 */;
CREATE TABLE `core_config` (
  `id` int(10) unsigned NOT NULL AUTO_INCREMENT,
  `code` varchar(191) COLLATE utf8mb4_unicode_ci NOT NULL,
  `value` text COLLATE utf8mb4_unicode_ci NOT NULL,
  `channel_code` varchar(191) COLLATE utf8mb4_unicode_ci DEFAULT NULL,
  `locale_code` varchar(191) COLLATE utf8mb4_unicode_ci DEFAULT NULL,
  `created_at` timestamp NULL DEFAULT NULL,
  `updated_at` timestamp NULL DEFAULT NULL,
  PRIMARY KEY (`id`),
  KEY `core_config_channel_id_foreign` (`channel_code`)
) ENGINE=InnoDB AUTO_INCREMENT=35 DEFAULT CHARSET=utf8mb4 COLLATE=utf8mb4_unicode_ci ROW_FORMAT=DYNAMIC;
/*!40101 SET character_set_client = @saved_cs_client */;

--
-- Dumping data for table `core_config`
--

LOCK TABLES `core_config` WRITE;
/*!40000 ALTER TABLE `core_config` DISABLE KEYS */;
INSERT INTO `core_config` VALUES (1,'general.content.footer.footer_content','Copyright 2018 decorumtech.lk, All rights reserved.','default','en','2019-09-22 17:22:20','2019-09-22 17:22:20'),(2,'catalog.products.review.guest_review','0',NULL,NULL,'2019-10-12 11:05:33','2019-10-12 11:05:33'),(4,'general.content.footer.footer_toggle','0','default','en','2019-11-16 12:12:26','2019-11-16 12:13:05'),(5,'general.general.locale_options.weight_unit','kgs','default',NULL,'2019-11-16 12:14:37','2019-11-16 12:14:37'),(6,'sales.paymentmethods.cashondelivery.title','Cash On Delivery',NULL,'en','2019-11-24 01:38:17','2019-11-24 01:38:17'),(7,'sales.paymentmethods.cashondelivery.description','shop::app.checkout.onepage.cash-desc',NULL,'en','2019-11-24 01:38:17','2019-11-24 01:38:17'),(8,'sales.paymentmethods.cashondelivery.active','1',NULL,'en','2019-11-24 01:38:17','2019-11-24 01:38:17'),(9,'sales.paymentmethods.cashondelivery.sort','1',NULL,NULL,'2019-11-24 01:38:17','2019-11-24 01:38:17'),(10,'sales.paymentmethods.moneytransfer.title','Money Transfer',NULL,'en','2019-11-24 01:38:17','2019-11-24 01:38:17'),(11,'sales.paymentmethods.moneytransfer.description','shop::app.checkout.onepage.money-desc',NULL,'en','2019-11-24 01:38:17','2019-11-24 01:38:17'),(12,'sales.paymentmethods.moneytransfer.active','0',NULL,'en','2019-11-24 01:38:17','2019-11-24 01:38:17'),(13,'sales.paymentmethods.moneytransfer.sort','2',NULL,NULL,'2019-11-24 01:38:17','2019-11-24 01:38:17'),(14,'sales.paymentmethods.paypal_standard.title','Paypal Standard',NULL,'en','2019-11-24 01:38:17','2019-11-24 01:38:17'),(15,'sales.paymentmethods.paypal_standard.description','shop::app.checkout.onepage.paypal-desc',NULL,'en','2019-11-24 01:38:17','2019-11-24 01:38:17'),(16,'sales.paymentmethods.paypal_standard.business_account','test@webkul.com',NULL,NULL,'2019-11-24 01:38:18','2019-11-24 01:38:18'),(17,'sales.paymentmethods.paypal_standard.active','0',NULL,'en','2019-11-24 01:38:18','2019-11-24 01:38:18'),(18,'sales.paymentmethods.paypal_standard.sort','3',NULL,NULL,'2019-11-24 01:38:18','2019-11-24 01:38:18'),(19,'sales.orderSettings.order_number.order_number_prefix','SWKIDZ','default','en','2019-11-24 01:38:51','2019-11-24 01:38:51'),(20,'sales.orderSettings.order_number.order_number_length','10','default','en','2019-11-24 01:38:51','2019-11-24 01:38:51'),(21,'sales.orderSettings.order_number.order_number_suffix','','default','en','2019-11-24 01:38:51','2019-11-24 01:38:51'),(22,'sales.shipping.origin.country','LK','default','en','2019-11-24 15:15:01','2019-11-24 15:15:01'),(23,'sales.shipping.origin.state','Colombo 14','default','en','2019-11-24 15:15:01','2019-11-24 15:15:01'),(24,'sales.shipping.origin.address1','Ce Road','default',NULL,'2019-11-24 15:15:01','2019-11-24 15:15:01'),(25,'sales.shipping.origin.zipcode','01400','default',NULL,'2019-11-24 15:15:01','2019-11-24 15:15:01'),(26,'sales.shipping.origin.city','H/4/1,Stace Road','default',NULL,'2019-11-24 15:15:01','2019-11-24 15:15:01'),(27,'sales.carriers.free.title','Free Shipping',NULL,'en','2019-11-24 15:15:39','2019-11-24 15:15:39'),(28,'sales.carriers.free.description','Free Shipping',NULL,'en','2019-11-24 15:15:39','2019-11-24 15:15:39'),(29,'sales.carriers.free.active','1',NULL,'en','2019-11-24 15:15:39','2019-11-24 15:15:39'),(30,'sales.carriers.flatrate.title','Flat Rate','default','en','2019-11-24 15:15:39','2019-11-24 15:15:39'),(31,'sales.carriers.flatrate.description','Flat Rate Shipping','default',NULL,'2019-11-24 15:15:39','2019-11-24 15:15:39'),(32,'sales.carriers.flatrate.default_rate','10','default',NULL,'2019-11-24 15:15:40','2019-11-24 15:15:40'),(33,'sales.carriers.flatrate.type','per_unit',NULL,NULL,'2019-11-24 15:15:40','2019-11-24 15:15:40'),(34,'sales.carriers.flatrate.active','0',NULL,'en','2019-11-24 15:15:40','2019-11-24 15:15:40');
/*!40000 ALTER TABLE `core_config` ENABLE KEYS */;
UNLOCK TABLES;

--
-- Table structure for table `countries`
--

DROP TABLE IF EXISTS `countries`;
/*!40101 SET @saved_cs_client     = @@character_set_client */;
/*!40101 SET character_set_client = utf8 */;
CREATE TABLE `countries` (
  `id` int(10) unsigned NOT NULL AUTO_INCREMENT,
  `code` varchar(191) COLLATE utf8mb4_unicode_ci NOT NULL,
  `name` varchar(191) COLLATE utf8mb4_unicode_ci NOT NULL,
  PRIMARY KEY (`id`)
) ENGINE=InnoDB AUTO_INCREMENT=256 DEFAULT CHARSET=utf8mb4 COLLATE=utf8mb4_unicode_ci ROW_FORMAT=DYNAMIC;
/*!40101 SET character_set_client = @saved_cs_client */;

--
-- Dumping data for table `countries`
--

LOCK TABLES `countries` WRITE;
/*!40000 ALTER TABLE `countries` DISABLE KEYS */;
INSERT INTO `countries` VALUES (1,'AF','Afghanistan'),(2,'AX','land Islands'),(3,'AL','Albania'),(4,'DZ','Algeria'),(5,'AS','American Samoa'),(6,'AD','Andorra'),(7,'AO','Angola'),(8,'AI','Anguilla'),(9,'AQ','Antarctica'),(10,'AG','Antigua & Barbuda'),(11,'AR','Argentina'),(12,'AM','Armenia'),(13,'AW','Aruba'),(14,'AC','Ascension Island'),(15,'AU','Australia'),(16,'AT','Austria'),(17,'AZ','Azerbaijan'),(18,'BS','Bahamas'),(19,'BH','Bahrain'),(20,'BD','Bangladesh'),(21,'BB','Barbados'),(22,'BY','Belarus'),(23,'BE','Belgium'),(24,'BZ','Belize'),(25,'BJ','Benin'),(26,'BM','Bermuda'),(27,'BT','Bhutan'),(28,'BO','Bolivia'),(29,'BA','Bosnia & Herzegovina'),(30,'BW','Botswana'),(31,'BR','Brazil'),(32,'IO','British Indian Ocean Territory'),(33,'VG','British Virgin Islands'),(34,'BN','Brunei'),(35,'BG','Bulgaria'),(36,'BF','Burkina Faso'),(37,'BI','Burundi'),(38,'KH','Cambodia'),(39,'CM','Cameroon'),(40,'CA','Canada'),(41,'IC','Canary Islands'),(42,'CV','Cape Verde'),(43,'BQ','Caribbean Netherlands'),(44,'KY','Cayman Islands'),(45,'CF','Central African Republic'),(46,'EA','Ceuta & Melilla'),(47,'TD','Chad'),(48,'CL','Chile'),(49,'CN','China'),(50,'CX','Christmas Island'),(51,'CC','Cocos (Keeling) Islands'),(52,'CO','Colombia'),(53,'KM','Comoros'),(54,'CG','Congo - Brazzaville'),(55,'CD','Congo - Kinshasa'),(56,'CK','Cook Islands'),(57,'CR','Costa Rica'),(58,'CI','Cte dIvoire'),(59,'HR','Croatia'),(60,'CU','Cuba'),(61,'CW','Curaao'),(62,'CY','Cyprus'),(63,'CZ','Czechia'),(64,'DK','Denmark'),(65,'DG','Diego Garcia'),(66,'DJ','Djibouti'),(67,'DM','Dominica'),(68,'DO','Dominican Republic'),(69,'EC','Ecuador'),(70,'EG','Egypt'),(71,'SV','El Salvador'),(72,'GQ','Equatorial Guinea'),(73,'ER','Eritrea'),(74,'EE','Estonia'),(75,'ET','Ethiopia'),(76,'EZ','Eurozone'),(77,'FK','Falkland Islands'),(78,'FO','Faroe Islands'),(79,'FJ','Fiji'),(80,'FI','Finland'),(81,'FR','France'),(82,'GF','French Guiana'),(83,'PF','French Polynesia'),(84,'TF','French Southern Territories'),(85,'GA','Gabon'),(86,'GM','Gambia'),(87,'GE','Georgia'),(88,'DE','Germany'),(89,'GH','Ghana'),(90,'GI','Gibraltar'),(91,'GR','Greece'),(92,'GL','Greenland'),(93,'GD','Grenada'),(94,'GP','Guadeloupe'),(95,'GU','Guam'),(96,'GT','Guatemala'),(97,'GG','Guernsey'),(98,'GN','Guinea'),(99,'GW','Guinea-Bissau'),(100,'GY','Guyana'),(101,'HT','Haiti'),(102,'HN','Honduras'),(103,'HK','Hong Kong SAR China'),(104,'HU','Hungary'),(105,'IS','Iceland'),(106,'IN','India'),(107,'ID','Indonesia'),(108,'IR','Iran'),(109,'IQ','Iraq'),(110,'IE','Ireland'),(111,'IM','Isle of Man'),(112,'IL','Israel'),(113,'IT','Italy'),(114,'JM','Jamaica'),(115,'JP','Japan'),(116,'JE','Jersey'),(117,'JO','Jordan'),(118,'KZ','Kazakhstan'),(119,'KE','Kenya'),(120,'KI','Kiribati'),(121,'XK','Kosovo'),(122,'KW','Kuwait'),(123,'KG','Kyrgyzstan'),(124,'LA','Laos'),(125,'LV','Latvia'),(126,'LB','Lebanon'),(127,'LS','Lesotho'),(128,'LR','Liberia'),(129,'LY','Libya'),(130,'LI','Liechtenstein'),(131,'LT','Lithuania'),(132,'LU','Luxembourg'),(133,'MO','Macau SAR China'),(134,'MK','Macedonia'),(135,'MG','Madagascar'),(136,'MW','Malawi'),(137,'MY','Malaysia'),(138,'MV','Maldives'),(139,'ML','Mali'),(140,'MT','Malta'),(141,'MH','Marshall Islands'),(142,'MQ','Martinique'),(143,'MR','Mauritania'),(144,'MU','Mauritius'),(145,'YT','Mayotte'),(146,'MX','Mexico'),(147,'FM','Micronesia'),(148,'MD','Moldova'),(149,'MC','Monaco'),(150,'MN','Mongolia'),(151,'ME','Montenegro'),(152,'MS','Montserrat'),(153,'MA','Morocco'),(154,'MZ','Mozambique'),(155,'MM','Myanmar (Burma)'),(156,'NA','Namibia'),(157,'NR','Nauru'),(158,'NP','Nepal'),(159,'NL','Netherlands'),(160,'NC','New Caledonia'),(161,'NZ','New Zealand'),(162,'NI','Nicaragua'),(163,'NE','Niger'),(164,'NG','Nigeria'),(165,'NU','Niue'),(166,'NF','Norfolk Island'),(167,'KP','North Korea'),(168,'MP','Northern Mariana Islands'),(169,'NO','Norway'),(170,'OM','Oman'),(171,'PK','Pakistan'),(172,'PW','Palau'),(173,'PS','Palestinian Territories'),(174,'PA','Panama'),(175,'PG','Papua New Guinea'),(176,'PY','Paraguay'),(177,'PE','Peru'),(178,'PH','Philippines'),(179,'PN','Pitcairn Islands'),(180,'PL','Poland'),(181,'PT','Portugal'),(182,'PR','Puerto Rico'),(183,'QA','Qatar'),(184,'RE','Runion'),(185,'RO','Romania'),(186,'RU','Russia'),(187,'RW','Rwanda'),(188,'WS','Samoa'),(189,'SM','San Marino'),(190,'ST','So Tom & Prncipe'),(191,'SA','Saudi Arabia'),(192,'SN','Senegal'),(193,'RS','Serbia'),(194,'SC','Seychelles'),(195,'SL','Sierra Leone'),(196,'SG','Singapore'),(197,'SX','Sint Maarten'),(198,'SK','Slovakia'),(199,'SI','Slovenia'),(200,'SB','Solomon Islands'),(201,'SO','Somalia'),(202,'ZA','South Africa'),(203,'GS','South Georgia & South Sandwich Islands'),(204,'KR','South Korea'),(205,'SS','South Sudan'),(206,'ES','Spain'),(207,'LK','Sri Lanka'),(208,'BL','St. Barthlemy'),(209,'SH','St. Helena'),(210,'KN','St. Kitts & Nevis'),(211,'LC','St. Lucia'),(212,'MF','St. Martin'),(213,'PM','St. Pierre & Miquelon'),(214,'VC','St. Vincent & Grenadines'),(215,'SD','Sudan'),(216,'SR','Suriname'),(217,'SJ','Svalbard & Jan Mayen'),(218,'SZ','Swaziland'),(219,'SE','Sweden'),(220,'CH','Switzerland'),(221,'SY','Syria'),(222,'TW','Taiwan'),(223,'TJ','Tajikistan'),(224,'TZ','Tanzania'),(225,'TH','Thailand'),(226,'TL','Timor-Leste'),(227,'TG','Togo'),(228,'TK','Tokelau'),(229,'TO','Tonga'),(230,'TT','Trinidad & Tobago'),(231,'TA','Tristan da Cunha'),(232,'TN','Tunisia'),(233,'TR','Turkey'),(234,'TM','Turkmenistan'),(235,'TC','Turks & Caicos Islands'),(236,'TV','Tuvalu'),(237,'UM','U.S. Outlying Islands'),(238,'VI','U.S. Virgin Islands'),(239,'UG','Uganda'),(240,'UA','Ukraine'),(241,'AE','United Arab Emirates'),(242,'GB','United Kingdom'),(243,'UN','United Nations'),(244,'US','United States'),(245,'UY','Uruguay'),(246,'UZ','Uzbekistan'),(247,'VU','Vanuatu'),(248,'VA','Vatican City'),(249,'VE','Venezuela'),(250,'VN','Vietnam'),(251,'WF','Wallis & Futuna'),(252,'EH','Western Sahara'),(253,'YE','Yemen'),(254,'ZM','Zambia'),(255,'ZW','Zimbabwe');
/*!40000 ALTER TABLE `countries` ENABLE KEYS */;
UNLOCK TABLES;

--
-- Table structure for table `countries_bk`
--

DROP TABLE IF EXISTS `countries_bk`;
/*!40101 SET @saved_cs_client     = @@character_set_client */;
/*!40101 SET character_set_client = utf8 */;
CREATE TABLE `countries_bk` (
  `id` int(10) unsigned NOT NULL DEFAULT '0',
  `code` varchar(191) CHARACTER SET utf8mb4 COLLATE utf8mb4_unicode_ci NOT NULL,
  `name` varchar(191) CHARACTER SET utf8mb4 COLLATE utf8mb4_unicode_ci NOT NULL
) ENGINE=InnoDB DEFAULT CHARSET=latin1;
/*!40101 SET character_set_client = @saved_cs_client */;

--
-- Dumping data for table `countries_bk`
--

LOCK TABLES `countries_bk` WRITE;
/*!40000 ALTER TABLE `countries_bk` DISABLE KEYS */;
INSERT INTO `countries_bk` VALUES (1,'AF','Afghanistan'),(2,'AX','land Islands'),(3,'AL','Albania'),(4,'DZ','Algeria'),(5,'AS','American Samoa'),(6,'AD','Andorra'),(7,'AO','Angola'),(8,'AI','Anguilla'),(9,'AQ','Antarctica'),(10,'AG','Antigua & Barbuda'),(11,'AR','Argentina'),(12,'AM','Armenia'),(13,'AW','Aruba'),(14,'AC','Ascension Island'),(15,'AU','Australia'),(16,'AT','Austria'),(17,'AZ','Azerbaijan'),(18,'BS','Bahamas'),(19,'BH','Bahrain'),(20,'BD','Bangladesh'),(21,'BB','Barbados'),(22,'BY','Belarus'),(23,'BE','Belgium'),(24,'BZ','Belize'),(25,'BJ','Benin'),(26,'BM','Bermuda'),(27,'BT','Bhutan'),(28,'BO','Bolivia'),(29,'BA','Bosnia & Herzegovina'),(30,'BW','Botswana'),(31,'BR','Brazil'),(32,'IO','British Indian Ocean Territory'),(33,'VG','British Virgin Islands'),(34,'BN','Brunei'),(35,'BG','Bulgaria'),(36,'BF','Burkina Faso'),(37,'BI','Burundi'),(38,'KH','Cambodia'),(39,'CM','Cameroon'),(40,'CA','Canada'),(41,'IC','Canary Islands'),(42,'CV','Cape Verde'),(43,'BQ','Caribbean Netherlands'),(44,'KY','Cayman Islands'),(45,'CF','Central African Republic'),(46,'EA','Ceuta & Melilla'),(47,'TD','Chad'),(48,'CL','Chile'),(49,'CN','China'),(50,'CX','Christmas Island'),(51,'CC','Cocos (Keeling) Islands'),(52,'CO','Colombia'),(53,'KM','Comoros'),(54,'CG','Congo - Brazzaville'),(55,'CD','Congo - Kinshasa'),(56,'CK','Cook Islands'),(57,'CR','Costa Rica'),(58,'CI','Cte dIvoire'),(59,'HR','Croatia'),(60,'CU','Cuba'),(61,'CW','Curaao'),(62,'CY','Cyprus'),(63,'CZ','Czechia'),(64,'DK','Denmark'),(65,'DG','Diego Garcia'),(66,'DJ','Djibouti'),(67,'DM','Dominica'),(68,'DO','Dominican Republic'),(69,'EC','Ecuador'),(70,'EG','Egypt'),(71,'SV','El Salvador'),(72,'GQ','Equatorial Guinea'),(73,'ER','Eritrea'),(74,'EE','Estonia'),(75,'ET','Ethiopia'),(76,'EZ','Eurozone'),(77,'FK','Falkland Islands'),(78,'FO','Faroe Islands'),(79,'FJ','Fiji'),(80,'FI','Finland'),(81,'FR','France'),(82,'GF','French Guiana'),(83,'PF','French Polynesia'),(84,'TF','French Southern Territories'),(85,'GA','Gabon'),(86,'GM','Gambia'),(87,'GE','Georgia'),(88,'DE','Germany'),(89,'GH','Ghana'),(90,'GI','Gibraltar'),(91,'GR','Greece'),(92,'GL','Greenland'),(93,'GD','Grenada'),(94,'GP','Guadeloupe'),(95,'GU','Guam'),(96,'GT','Guatemala'),(97,'GG','Guernsey'),(98,'GN','Guinea'),(99,'GW','Guinea-Bissau'),(100,'GY','Guyana'),(101,'HT','Haiti'),(102,'HN','Honduras'),(103,'HK','Hong Kong SAR China'),(104,'HU','Hungary'),(105,'IS','Iceland'),(106,'IN','India'),(107,'ID','Indonesia'),(108,'IR','Iran'),(109,'IQ','Iraq'),(110,'IE','Ireland'),(111,'IM','Isle of Man'),(112,'IL','Israel'),(113,'IT','Italy'),(114,'JM','Jamaica'),(115,'JP','Japan'),(116,'JE','Jersey'),(117,'JO','Jordan'),(118,'KZ','Kazakhstan'),(119,'KE','Kenya'),(120,'KI','Kiribati'),(121,'XK','Kosovo'),(122,'KW','Kuwait'),(123,'KG','Kyrgyzstan'),(124,'LA','Laos'),(125,'LV','Latvia'),(126,'LB','Lebanon'),(127,'LS','Lesotho'),(128,'LR','Liberia'),(129,'LY','Libya'),(130,'LI','Liechtenstein'),(131,'LT','Lithuania'),(132,'LU','Luxembourg'),(133,'MO','Macau SAR China'),(134,'MK','Macedonia'),(135,'MG','Madagascar'),(136,'MW','Malawi'),(137,'MY','Malaysia'),(138,'MV','Maldives'),(139,'ML','Mali'),(140,'MT','Malta'),(141,'MH','Marshall Islands'),(142,'MQ','Martinique'),(143,'MR','Mauritania'),(144,'MU','Mauritius'),(145,'YT','Mayotte'),(146,'MX','Mexico'),(147,'FM','Micronesia'),(148,'MD','Moldova'),(149,'MC','Monaco'),(150,'MN','Mongolia'),(151,'ME','Montenegro'),(152,'MS','Montserrat'),(153,'MA','Morocco'),(154,'MZ','Mozambique'),(155,'MM','Myanmar (Burma)'),(156,'NA','Namibia'),(157,'NR','Nauru'),(158,'NP','Nepal'),(159,'NL','Netherlands'),(160,'NC','New Caledonia'),(161,'NZ','New Zealand'),(162,'NI','Nicaragua'),(163,'NE','Niger'),(164,'NG','Nigeria'),(165,'NU','Niue'),(166,'NF','Norfolk Island'),(167,'KP','North Korea'),(168,'MP','Northern Mariana Islands'),(169,'NO','Norway'),(170,'OM','Oman'),(171,'PK','Pakistan'),(172,'PW','Palau'),(173,'PS','Palestinian Territories'),(174,'PA','Panama'),(175,'PG','Papua New Guinea'),(176,'PY','Paraguay'),(177,'PE','Peru'),(178,'PH','Philippines'),(179,'PN','Pitcairn Islands'),(180,'PL','Poland'),(181,'PT','Portugal'),(182,'PR','Puerto Rico'),(183,'QA','Qatar'),(184,'RE','Runion'),(185,'RO','Romania'),(186,'RU','Russia'),(187,'RW','Rwanda'),(188,'WS','Samoa'),(189,'SM','San Marino'),(190,'ST','So Tom & Prncipe'),(191,'SA','Saudi Arabia'),(192,'SN','Senegal'),(193,'RS','Serbia'),(194,'SC','Seychelles'),(195,'SL','Sierra Leone'),(196,'SG','Singapore'),(197,'SX','Sint Maarten'),(198,'SK','Slovakia'),(199,'SI','Slovenia'),(200,'SB','Solomon Islands'),(201,'SO','Somalia'),(202,'ZA','South Africa'),(203,'GS','South Georgia & South Sandwich Islands'),(204,'KR','South Korea'),(205,'SS','South Sudan'),(206,'ES','Spain'),(207,'LK','Sri Lanka'),(208,'BL','St. Barthlemy'),(209,'SH','St. Helena'),(210,'KN','St. Kitts & Nevis'),(211,'LC','St. Lucia'),(212,'MF','St. Martin'),(213,'PM','St. Pierre & Miquelon'),(214,'VC','St. Vincent & Grenadines'),(215,'SD','Sudan'),(216,'SR','Suriname'),(217,'SJ','Svalbard & Jan Mayen'),(218,'SZ','Swaziland'),(219,'SE','Sweden'),(220,'CH','Switzerland'),(221,'SY','Syria'),(222,'TW','Taiwan'),(223,'TJ','Tajikistan'),(224,'TZ','Tanzania'),(225,'TH','Thailand'),(226,'TL','Timor-Leste'),(227,'TG','Togo'),(228,'TK','Tokelau'),(229,'TO','Tonga'),(230,'TT','Trinidad & Tobago'),(231,'TA','Tristan da Cunha'),(232,'TN','Tunisia'),(233,'TR','Turkey'),(234,'TM','Turkmenistan'),(235,'TC','Turks & Caicos Islands'),(236,'TV','Tuvalu'),(237,'UM','U.S. Outlying Islands'),(238,'VI','U.S. Virgin Islands'),(239,'UG','Uganda'),(240,'UA','Ukraine'),(241,'AE','United Arab Emirates'),(242,'GB','United Kingdom'),(243,'UN','United Nations'),(244,'US','United States'),(245,'UY','Uruguay'),(246,'UZ','Uzbekistan'),(247,'VU','Vanuatu'),(248,'VA','Vatican City'),(249,'VE','Venezuela'),(250,'VN','Vietnam'),(251,'WF','Wallis & Futuna'),(252,'EH','Western Sahara'),(253,'YE','Yemen'),(254,'ZM','Zambia'),(255,'ZW','Zimbabwe');
/*!40000 ALTER TABLE `countries_bk` ENABLE KEYS */;
UNLOCK TABLES;

--
-- Table structure for table `country_state_translations`
--

DROP TABLE IF EXISTS `country_state_translations`;
/*!40101 SET @saved_cs_client     = @@character_set_client */;
/*!40101 SET character_set_client = utf8 */;
CREATE TABLE `country_state_translations` (
  `id` int(10) unsigned NOT NULL AUTO_INCREMENT,
  `locale` varchar(191) COLLATE utf8mb4_unicode_ci NOT NULL,
  `name` text COLLATE utf8mb4_unicode_ci,
  `country_state_id` int(10) unsigned NOT NULL,
  PRIMARY KEY (`id`),
  KEY `country_state_translations_country_state_id_foreign` (`country_state_id`),
  CONSTRAINT `country_state_translations_country_state_id_foreign` FOREIGN KEY (`country_state_id`) REFERENCES `country_states` (`id`) ON DELETE CASCADE
) ENGINE=InnoDB DEFAULT CHARSET=utf8mb4 COLLATE=utf8mb4_unicode_ci ROW_FORMAT=DYNAMIC;
/*!40101 SET character_set_client = @saved_cs_client */;

--
-- Dumping data for table `country_state_translations`
--

LOCK TABLES `country_state_translations` WRITE;
/*!40000 ALTER TABLE `country_state_translations` DISABLE KEYS */;
/*!40000 ALTER TABLE `country_state_translations` ENABLE KEYS */;
UNLOCK TABLES;

--
-- Table structure for table `country_states`
--

DROP TABLE IF EXISTS `country_states`;
/*!40101 SET @saved_cs_client     = @@character_set_client */;
/*!40101 SET character_set_client = utf8 */;
CREATE TABLE `country_states` (
  `id` int(10) unsigned NOT NULL AUTO_INCREMENT,
  `country_code` varchar(191) COLLATE utf8mb4_unicode_ci DEFAULT NULL,
  `code` varchar(191) COLLATE utf8mb4_unicode_ci DEFAULT NULL,
  `default_name` varchar(191) COLLATE utf8mb4_unicode_ci DEFAULT NULL,
  `country_id` int(10) unsigned DEFAULT NULL,
  PRIMARY KEY (`id`),
  KEY `country_states_country_id_foreign` (`country_id`),
  CONSTRAINT `country_states_country_id_foreign` FOREIGN KEY (`country_id`) REFERENCES `countries` (`id`) ON DELETE CASCADE
) ENGINE=InnoDB AUTO_INCREMENT=569 DEFAULT CHARSET=utf8mb4 COLLATE=utf8mb4_unicode_ci ROW_FORMAT=DYNAMIC;
/*!40101 SET character_set_client = @saved_cs_client */;

--
-- Dumping data for table `country_states`
--

LOCK TABLES `country_states` WRITE;
/*!40000 ALTER TABLE `country_states` DISABLE KEYS */;
INSERT INTO `country_states` VALUES (1,'US','AL','Alabama',244),(2,'US','AK','Alaska',244),(3,'US','AS','American Samoa',244),(4,'US','AZ','Arizona',244),(5,'US','AR','Arkansas',244),(6,'US','AE','Armed Forces Africa',244),(7,'US','AA','Armed Forces Americas',244),(8,'US','AE','Armed Forces Canada',244),(9,'US','AE','Armed Forces Europe',244),(10,'US','AE','Armed Forces Middle East',244),(11,'US','AP','Armed Forces Pacific',244),(12,'US','CA','California',244),(13,'US','CO','Colorado',244),(14,'US','CT','Connecticut',244),(15,'US','DE','Delaware',244),(16,'US','DC','District of Columbia',244),(17,'US','FM','Federated States Of Micronesia',244),(18,'US','FL','Florida',244),(19,'US','GA','Georgia',244),(20,'US','GU','Guam',244),(21,'US','HI','Hawaii',244),(22,'US','ID','Idaho',244),(23,'US','IL','Illinois',244),(24,'US','IN','Indiana',244),(25,'US','IA','Iowa',244),(26,'US','KS','Kansas',244),(27,'US','KY','Kentucky',244),(28,'US','LA','Louisiana',244),(29,'US','ME','Maine',244),(30,'US','MH','Marshall Islands',244),(31,'US','MD','Maryland',244),(32,'US','MA','Massachusetts',244),(33,'US','MI','Michigan',244),(34,'US','MN','Minnesota',244),(35,'US','MS','Mississippi',244),(36,'US','MO','Missouri',244),(37,'US','MT','Montana',244),(38,'US','NE','Nebraska',244),(39,'US','NV','Nevada',244),(40,'US','NH','New Hampshire',244),(41,'US','NJ','New Jersey',244),(42,'US','NM','New Mexico',244),(43,'US','NY','New York',244),(44,'US','NC','North Carolina',244),(45,'US','ND','North Dakota',244),(46,'US','MP','Northern Mariana Islands',244),(47,'US','OH','Ohio',244),(48,'US','OK','Oklahoma',244),(49,'US','OR','Oregon',244),(50,'US','PW','Palau',244),(51,'US','PA','Pennsylvania',244),(52,'US','PR','Puerto Rico',244),(53,'US','RI','Rhode Island',244),(54,'US','SC','South Carolina',244),(55,'US','SD','South Dakota',244),(56,'US','TN','Tennessee',244),(57,'US','TX','Texas',244),(58,'US','UT','Utah',244),(59,'US','VT','Vermont',244),(60,'US','VI','Virgin Islands',244),(61,'US','VA','Virginia',244),(62,'US','WA','Washington',244),(63,'US','WV','West Virginia',244),(64,'US','WI','Wisconsin',244),(65,'US','WY','Wyoming',244),(66,'CA','AB','Alberta',40),(67,'CA','BC','British Columbia',40),(68,'CA','MB','Manitoba',40),(69,'CA','NL','Newfoundland and Labrador',40),(70,'CA','NB','New Brunswick',40),(71,'CA','NS','Nova Scotia',40),(72,'CA','NT','Northwest Territories',40),(73,'CA','NU','Nunavut',40),(74,'CA','ON','Ontario',40),(75,'CA','PE','Prince Edward Island',40),(76,'CA','QC','Quebec',40),(77,'CA','SK','Saskatchewan',40),(78,'CA','YT','Yukon Territory',40),(79,'DE','NDS','Niedersachsen',88),(80,'DE','BAW','Baden-Wrttemberg',88),(81,'DE','BAY','Bayern',88),(82,'DE','BER','Berlin',88),(83,'DE','BRG','Brandenburg',88),(84,'DE','BRE','Bremen',88),(85,'DE','HAM','Hamburg',88),(86,'DE','HES','Hessen',88),(87,'DE','MEC','Mecklenburg-Vorpommern',88),(88,'DE','NRW','Nordrhein-Westfalen',88),(89,'DE','RHE','Rheinland-Pfalz',88),(90,'DE','SAR','Saarland',88),(91,'DE','SAS','Sachsen',88),(92,'DE','SAC','Sachsen-Anhalt',88),(93,'DE','SCN','Schleswig-Holstein',88),(94,'DE','THE','Thringen',88),(95,'AT','WI','Wien',16),(96,'AT','NO','Niedersterreich',16),(97,'AT','OO','Obersterreich',16),(98,'AT','SB','Salzburg',16),(99,'AT','KN','Krnten',16),(100,'AT','ST','Steiermark',16),(101,'AT','TI','Tirol',16),(102,'AT','BL','Burgenland',16),(103,'AT','VB','Vorarlberg',16),(104,'CH','AG','Aargau',220),(105,'CH','AI','Appenzell Innerrhoden',220),(106,'CH','AR','Appenzell Ausserrhoden',220),(107,'CH','BE','Bern',220),(108,'CH','BL','Basel-Landschaft',220),(109,'CH','BS','Basel-Stadt',220),(110,'CH','FR','Freiburg',220),(111,'CH','GE','Genf',220),(112,'CH','GL','Glarus',220),(113,'CH','GR','Graubnden',220),(114,'CH','JU','Jura',220),(115,'CH','LU','Luzern',220),(116,'CH','NE','Neuenburg',220),(117,'CH','NW','Nidwalden',220),(118,'CH','OW','Obwalden',220),(119,'CH','SG','St. Gallen',220),(120,'CH','SH','Schaffhausen',220),(121,'CH','SO','Solothurn',220),(122,'CH','SZ','Schwyz',220),(123,'CH','TG','Thurgau',220),(124,'CH','TI','Tessin',220),(125,'CH','UR','Uri',220),(126,'CH','VD','Waadt',220),(127,'CH','VS','Wallis',220),(128,'CH','ZG','Zug',220),(129,'CH','ZH','Zrich',220),(130,'ES','A Corua','A Corua',206),(131,'ES','Alava','Alava',206),(132,'ES','Albacete','Albacete',206),(133,'ES','Alicante','Alicante',206),(134,'ES','Almeria','Almeria',206),(135,'ES','Asturias','Asturias',206),(136,'ES','Avila','Avila',206),(137,'ES','Badajoz','Badajoz',206),(138,'ES','Baleares','Baleares',206),(139,'ES','Barcelona','Barcelona',206),(140,'ES','Burgos','Burgos',206),(141,'ES','Caceres','Caceres',206),(142,'ES','Cadiz','Cadiz',206),(143,'ES','Cantabria','Cantabria',206),(144,'ES','Castellon','Castellon',206),(145,'ES','Ceuta','Ceuta',206),(146,'ES','Ciudad Real','Ciudad Real',206),(147,'ES','Cordoba','Cordoba',206),(148,'ES','Cuenca','Cuenca',206),(149,'ES','Girona','Girona',206),(150,'ES','Granada','Granada',206),(151,'ES','Guadalajara','Guadalajara',206),(152,'ES','Guipuzcoa','Guipuzcoa',206),(153,'ES','Huelva','Huelva',206),(154,'ES','Huesca','Huesca',206),(155,'ES','Jaen','Jaen',206),(156,'ES','La Rioja','La Rioja',206),(157,'ES','Las Palmas','Las Palmas',206),(158,'ES','Leon','Leon',206),(159,'ES','Lleida','Lleida',206),(160,'ES','Lugo','Lugo',206),(161,'ES','Madrid','Madrid',206),(162,'ES','Malaga','Malaga',206),(163,'ES','Melilla','Melilla',206),(164,'ES','Murcia','Murcia',206),(165,'ES','Navarra','Navarra',206),(166,'ES','Ourense','Ourense',206),(167,'ES','Palencia','Palencia',206),(168,'ES','Pontevedra','Pontevedra',206),(169,'ES','Salamanca','Salamanca',206),(170,'ES','Santa Cruz de Tenerife','Santa Cruz de Tenerife',206),(171,'ES','Segovia','Segovia',206),(172,'ES','Sevilla','Sevilla',206),(173,'ES','Soria','Soria',206),(174,'ES','Tarragona','Tarragona',206),(175,'ES','Teruel','Teruel',206),(176,'ES','Toledo','Toledo',206),(177,'ES','Valencia','Valencia',206),(178,'ES','Valladolid','Valladolid',206),(179,'ES','Vizcaya','Vizcaya',206),(180,'ES','Zamora','Zamora',206),(181,'ES','Zaragoza','Zaragoza',206),(182,'FR','1','Ain',81),(183,'FR','2','Aisne',81),(184,'FR','3','Allier',81),(185,'FR','4','Alpes-de-Haute-Provence',81),(186,'FR','5','Hautes-Alpes',81),(187,'FR','6','Alpes-Maritimes',81),(188,'FR','7','Ardche',81),(189,'FR','8','Ardennes',81),(190,'FR','9','Arige',81),(191,'FR','10','Aube',81),(192,'FR','11','Aude',81),(193,'FR','12','Aveyron',81),(194,'FR','13','Bouches-du-Rhne',81),(195,'FR','14','Calvados',81),(196,'FR','15','Cantal',81),(197,'FR','16','Charente',81),(198,'FR','17','Charente-Maritime',81),(199,'FR','18','Cher',81),(200,'FR','19','Corrze',81),(201,'FR','2A','Corse-du-Sud',81),(202,'FR','2B','Haute-Corse',81),(203,'FR','21','Cte-d\'Or',81),(204,'FR','22','Ctes-d\'Armor',81),(205,'FR','23','Creuse',81),(206,'FR','24','Dordogne',81),(207,'FR','25','Doubs',81),(208,'FR','26','Drme',81),(209,'FR','27','Eure',81),(210,'FR','28','Eure-et-Loir',81),(211,'FR','29','Finistre',81),(212,'FR','30','Gard',81),(213,'FR','31','Haute-Garonne',81),(214,'FR','32','Gers',81),(215,'FR','33','Gironde',81),(216,'FR','34','Hrault',81),(217,'FR','35','Ille-et-Vilaine',81),(218,'FR','36','Indre',81),(219,'FR','37','Indre-et-Loire',81),(220,'FR','38','Isre',81),(221,'FR','39','Jura',81),(222,'FR','40','Landes',81),(223,'FR','41','Loir-et-Cher',81),(224,'FR','42','Loire',81),(225,'FR','43','Haute-Loire',81),(226,'FR','44','Loire-Atlantique',81),(227,'FR','45','Loiret',81),(228,'FR','46','Lot',81),(229,'FR','47','Lot-et-Garonne',81),(230,'FR','48','Lozre',81),(231,'FR','49','Maine-et-Loire',81),(232,'FR','50','Manche',81),(233,'FR','51','Marne',81),(234,'FR','52','Haute-Marne',81),(235,'FR','53','Mayenne',81),(236,'FR','54','Meurthe-et-Moselle',81),(237,'FR','55','Meuse',81),(238,'FR','56','Morbihan',81),(239,'FR','57','Moselle',81),(240,'FR','58','Nivre',81),(241,'FR','59','Nord',81),(242,'FR','60','Oise',81),(243,'FR','61','Orne',81),(244,'FR','62','Pas-de-Calais',81),(245,'FR','63','Puy-de-Dme',81),(246,'FR','64','Pyrnes-Atlantiques',81),(247,'FR','65','Hautes-Pyrnes',81),(248,'FR','66','Pyrnes-Orientales',81),(249,'FR','67','Bas-Rhin',81),(250,'FR','68','Haut-Rhin',81),(251,'FR','69','Rhne',81),(252,'FR','70','Haute-Sane',81),(253,'FR','71','Sane-et-Loire',81),(254,'FR','72','Sarthe',81),(255,'FR','73','Savoie',81),(256,'FR','74','Haute-Savoie',81),(257,'FR','75','Paris',81),(258,'FR','76','Seine-Maritime',81),(259,'FR','77','Seine-et-Marne',81),(260,'FR','78','Yvelines',81),(261,'FR','79','Deux-Svres',81),(262,'FR','80','Somme',81),(263,'FR','81','Tarn',81),(264,'FR','82','Tarn-et-Garonne',81),(265,'FR','83','Var',81),(266,'FR','84','Vaucluse',81),(267,'FR','85','Vende',81),(268,'FR','86','Vienne',81),(269,'FR','87','Haute-Vienne',81),(270,'FR','88','Vosges',81),(271,'FR','89','Yonne',81),(272,'FR','90','Territoire-de-Belfort',81),(273,'FR','91','Essonne',81),(274,'FR','92','Hauts-de-Seine',81),(275,'FR','93','Seine-Saint-Denis',81),(276,'FR','94','Val-de-Marne',81),(277,'FR','95','Val-d\'Oise',81),(278,'RO','AB','Alba',185),(279,'RO','AR','Arad',185),(280,'RO','AG','Arge',185),(281,'RO','BC','Bacu',185),(282,'RO','BH','Bihor',185),(283,'RO','BN','Bistria-Nsud',185),(284,'RO','BT','Botoani',185),(285,'RO','BV','Braov',185),(286,'RO','BR','Brila',185),(287,'RO','B','Bucureti',185),(288,'RO','BZ','Buzu',185),(289,'RO','CS','Cara-Severin',185),(290,'RO','CL','Clrai',185),(291,'RO','CJ','Cluj',185),(292,'RO','CT','Constana',185),(293,'RO','CV','Covasna',185),(294,'RO','DB','Dmbovia',185),(295,'RO','DJ','Dolj',185),(296,'RO','GL','Galai',185),(297,'RO','GR','Giurgiu',185),(298,'RO','GJ','Gorj',185),(299,'RO','HR','Harghita',185),(300,'RO','HD','Hunedoara',185),(301,'RO','IL','Ialomia',185),(302,'RO','IS','Iai',185),(303,'RO','IF','Ilfov',185),(304,'RO','MM','Maramure',185),(305,'RO','MH','Mehedini',185),(306,'RO','MS','Mure',185),(307,'RO','NT','Neam',185),(308,'RO','OT','Olt',185),(309,'RO','PH','Prahova',185),(310,'RO','SM','Satu-Mare',185),(311,'RO','SJ','Slaj',185),(312,'RO','SB','Sibiu',185),(313,'RO','SV','Suceava',185),(314,'RO','TR','Teleorman',185),(315,'RO','TM','Timi',185),(316,'RO','TL','Tulcea',185),(317,'RO','VS','Vaslui',185),(318,'RO','VL','Vlcea',185),(319,'RO','VN','Vrancea',185),(320,'FI','Lappi','Lappi',80),(321,'FI','Pohjois-Pohjanmaa','Pohjois-Pohjanmaa',80),(322,'FI','Kainuu','Kainuu',80),(323,'FI','Pohjois-Karjala','Pohjois-Karjala',80),(324,'FI','Pohjois-Savo','Pohjois-Savo',80),(325,'FI','Etel-Savo','Etel-Savo',80),(326,'FI','Etel-Pohjanmaa','Etel-Pohjanmaa',80),(327,'FI','Pohjanmaa','Pohjanmaa',80),(328,'FI','Pirkanmaa','Pirkanmaa',80),(329,'FI','Satakunta','Satakunta',80),(330,'FI','Keski-Pohjanmaa','Keski-Pohjanmaa',80),(331,'FI','Keski-Suomi','Keski-Suomi',80),(332,'FI','Varsinais-Suomi','Varsinais-Suomi',80),(333,'FI','Etel-Karjala','Etel-Karjala',80),(334,'FI','Pijt-Hme','Pijt-Hme',80),(335,'FI','Kanta-Hme','Kanta-Hme',80),(336,'FI','Uusimaa','Uusimaa',80),(337,'FI','It-Uusimaa','It-Uusimaa',80),(338,'FI','Kymenlaakso','Kymenlaakso',80),(339,'FI','Ahvenanmaa','Ahvenanmaa',80),(340,'EE','EE-37','Harjumaa',74),(341,'EE','EE-39','Hiiumaa',74),(342,'EE','EE-44','Ida-Virumaa',74),(343,'EE','EE-49','Jgevamaa',74),(344,'EE','EE-51','Jrvamaa',74),(345,'EE','EE-57','Lnemaa',74),(346,'EE','EE-59','Lne-Virumaa',74),(347,'EE','EE-65','Plvamaa',74),(348,'EE','EE-67','Prnumaa',74),(349,'EE','EE-70','Raplamaa',74),(350,'EE','EE-74','Saaremaa',74),(351,'EE','EE-78','Tartumaa',74),(352,'EE','EE-82','Valgamaa',74),(353,'EE','EE-84','Viljandimaa',74),(354,'EE','EE-86','Vrumaa',74),(355,'LV','LV-DGV','Daugavpils',125),(356,'LV','LV-JEL','Jelgava',125),(357,'LV','Jkabpils','Jkabpils',125),(358,'LV','LV-JUR','Jrmala',125),(359,'LV','LV-LPX','Liepja',125),(360,'LV','LV-LE','Liepjas novads',125),(361,'LV','LV-REZ','Rzekne',125),(362,'LV','LV-RIX','Rga',125),(363,'LV','LV-RI','Rgas novads',125),(364,'LV','Valmiera','Valmiera',125),(365,'LV','LV-VEN','Ventspils',125),(366,'LV','Aglonas novads','Aglonas novads',125),(367,'LV','LV-AI','Aizkraukles novads',125),(368,'LV','Aizputes novads','Aizputes novads',125),(369,'LV','Aknstes novads','Aknstes novads',125),(370,'LV','Alojas novads','Alojas novads',125),(371,'LV','Alsungas novads','Alsungas novads',125),(372,'LV','LV-AL','Alksnes novads',125),(373,'LV','Amatas novads','Amatas novads',125),(374,'LV','Apes novads','Apes novads',125),(375,'LV','Auces novads','Auces novads',125),(376,'LV','Babtes novads','Babtes novads',125),(377,'LV','Baldones novads','Baldones novads',125),(378,'LV','Baltinavas novads','Baltinavas novads',125),(379,'LV','LV-BL','Balvu novads',125),(380,'LV','LV-BU','Bauskas novads',125),(381,'LV','Bevernas novads','Bevernas novads',125),(382,'LV','Brocnu novads','Brocnu novads',125),(383,'LV','Burtnieku novads','Burtnieku novads',125),(384,'LV','Carnikavas novads','Carnikavas novads',125),(385,'LV','Cesvaines novads','Cesvaines novads',125),(386,'LV','Ciblas novads','Ciblas novads',125),(387,'LV','LV-CE','Csu novads',125),(388,'LV','Dagdas novads','Dagdas novads',125),(389,'LV','LV-DA','Daugavpils novads',125),(390,'LV','LV-DO','Dobeles novads',125),(391,'LV','Dundagas novads','Dundagas novads',125),(392,'LV','Durbes novads','Durbes novads',125),(393,'LV','Engures novads','Engures novads',125),(394,'LV','Garkalnes novads','Garkalnes novads',125),(395,'LV','Grobias novads','Grobias novads',125),(396,'LV','LV-GU','Gulbenes novads',125),(397,'LV','Iecavas novads','Iecavas novads',125),(398,'LV','Ikiles novads','Ikiles novads',125),(399,'LV','Ilkstes novads','Ilkstes novads',125),(400,'LV','Inukalna novads','Inukalna novads',125),(401,'LV','Jaunjelgavas novads','Jaunjelgavas novads',125),(402,'LV','Jaunpiebalgas novads','Jaunpiebalgas novads',125),(403,'LV','Jaunpils novads','Jaunpils novads',125),(404,'LV','LV-JL','Jelgavas novads',125),(405,'LV','LV-JK','Jkabpils novads',125),(406,'LV','Kandavas novads','Kandavas novads',125),(407,'LV','Kokneses novads','Kokneses novads',125),(408,'LV','Krimuldas novads','Krimuldas novads',125),(409,'LV','Krustpils novads','Krustpils novads',125),(410,'LV','LV-KR','Krslavas novads',125),(411,'LV','LV-KU','Kuldgas novads',125),(412,'LV','Krsavas novads','Krsavas novads',125),(413,'LV','Lielvrdes novads','Lielvrdes novads',125),(414,'LV','LV-LM','Limbau novads',125),(415,'LV','Lubnas novads','Lubnas novads',125),(416,'LV','LV-LU','Ludzas novads',125),(417,'LV','Lgatnes novads','Lgatnes novads',125),(418,'LV','Lvnu novads','Lvnu novads',125),(419,'LV','LV-MA','Madonas novads',125),(420,'LV','Mazsalacas novads','Mazsalacas novads',125),(421,'LV','Mlpils novads','Mlpils novads',125),(422,'LV','Mrupes novads','Mrupes novads',125),(423,'LV','Nauknu novads','Nauknu novads',125),(424,'LV','Neretas novads','Neretas novads',125),(425,'LV','Ncas novads','Ncas novads',125),(426,'LV','LV-OG','Ogres novads',125),(427,'LV','Olaines novads','Olaines novads',125),(428,'LV','Ozolnieku novads','Ozolnieku novads',125),(429,'LV','LV-PR','Preiu novads',125),(430,'LV','Priekules novads','Priekules novads',125),(431,'LV','Priekuu novads','Priekuu novads',125),(432,'LV','Prgaujas novads','Prgaujas novads',125),(433,'LV','Pvilostas novads','Pvilostas novads',125),(434,'LV','Paviu novads','Paviu novads',125),(435,'LV','Raunas novads','Raunas novads',125),(436,'LV','Riebiu novads','Riebiu novads',125),(437,'LV','Rojas novads','Rojas novads',125),(438,'LV','Ropau novads','Ropau novads',125),(439,'LV','Rucavas novads','Rucavas novads',125),(440,'LV','Rugju novads','Rugju novads',125),(441,'LV','Rundles novads','Rundles novads',125),(442,'LV','LV-RE','Rzeknes novads',125),(443,'LV','Rjienas novads','Rjienas novads',125),(444,'LV','Salacgrvas novads','Salacgrvas novads',125),(445,'LV','Salas novads','Salas novads',125),(446,'LV','Salaspils novads','Salaspils novads',125),(447,'LV','LV-SA','Saldus novads',125),(448,'LV','Saulkrastu novads','Saulkrastu novads',125),(449,'LV','Siguldas novads','Siguldas novads',125),(450,'LV','Skrundas novads','Skrundas novads',125),(451,'LV','Skrveru novads','Skrveru novads',125),(452,'LV','Smiltenes novads','Smiltenes novads',125),(453,'LV','Stopiu novads','Stopiu novads',125),(454,'LV','Strenu novads','Strenu novads',125),(455,'LV','Sjas novads','Sjas novads',125),(456,'LV','LV-TA','Talsu novads',125),(457,'LV','LV-TU','Tukuma novads',125),(458,'LV','Trvetes novads','Trvetes novads',125),(459,'LV','Vaiodes novads','Vaiodes novads',125),(460,'LV','LV-VK','Valkas novads',125),(461,'LV','LV-VM','Valmieras novads',125),(462,'LV','Varaknu novads','Varaknu novads',125),(463,'LV','Vecpiebalgas novads','Vecpiebalgas novads',125),(464,'LV','Vecumnieku novads','Vecumnieku novads',125),(465,'LV','LV-VE','Ventspils novads',125),(466,'LV','Viestes novads','Viestes novads',125),(467,'LV','Viakas novads','Viakas novads',125),(468,'LV','Vinu novads','Vinu novads',125),(469,'LV','Vrkavas novads','Vrkavas novads',125),(470,'LV','Zilupes novads','Zilupes novads',125),(471,'LV','dau novads','dau novads',125),(472,'LV','rgu novads','rgu novads',125),(473,'LV','eguma novads','eguma novads',125),(474,'LV','ekavas novads','ekavas novads',125),(475,'LT','LT-AL','Alytaus Apskritis',131),(476,'LT','LT-KU','Kauno Apskritis',131),(477,'LT','LT-KL','Klaipdos Apskritis',131),(478,'LT','LT-MR','Marijampols Apskritis',131),(479,'LT','LT-PN','Panevio Apskritis',131),(480,'LT','LT-SA','iauli Apskritis',131),(481,'LT','LT-TA','Taurags Apskritis',131),(482,'LT','LT-TE','Teli Apskritis',131),(483,'LT','LT-UT','Utenos Apskritis',131),(484,'LT','LT-VL','Vilniaus Apskritis',131),(485,'BR','AC','Acre',31),(486,'BR','AL','Alagoas',31),(487,'BR','AP','Amap',31),(488,'BR','AM','Amazonas',31),(489,'BR','BA','Bahia',31),(490,'BR','CE','Cear',31),(491,'BR','ES','Esprito Santo',31),(492,'BR','GO','Gois',31),(493,'BR','MA','Maranho',31),(494,'BR','MT','Mato Grosso',31),(495,'BR','MS','Mato Grosso do Sul',31),(496,'BR','MG','Minas Gerais',31),(497,'BR','PA','Par',31),(498,'BR','PB','Paraba',31),(499,'BR','PR','Paran',31),(500,'BR','PE','Pernambuco',31),(501,'BR','PI','Piau',31),(502,'BR','RJ','Rio de Janeiro',31),(503,'BR','RN','Rio Grande do Norte',31),(504,'BR','RS','Rio Grande do Sul',31),(505,'BR','RO','Rondnia',31),(506,'BR','RR','Roraima',31),(507,'BR','SC','Santa Catarina',31),(508,'BR','SP','So Paulo',31),(509,'BR','SE','Sergipe',31),(510,'BR','TO','Tocantins',31),(511,'BR','DF','Distrito Federal',31),(512,'HR','HR-01','Zagrebaka upanija',59),(513,'HR','HR-02','Krapinsko-zagorska upanija',59),(514,'HR','HR-03','Sisako-moslavaka upanija',59),(515,'HR','HR-04','Karlovaka upanija',59),(516,'HR','HR-05','Varadinska upanija',59),(517,'HR','HR-06','Koprivniko-krievaka upanija',59),(518,'HR','HR-07','Bjelovarsko-bilogorska upanija',59),(519,'HR','HR-08','Primorsko-goranska upanija',59),(520,'HR','HR-09','Liko-senjska upanija',59),(521,'HR','HR-10','Virovitiko-podravska upanija',59),(522,'HR','HR-11','Poeko-slavonska upanija',59),(523,'HR','HR-12','Brodsko-posavska upanija',59),(524,'HR','HR-13','Zadarska upanija',59),(525,'HR','HR-14','Osjeko-baranjska upanija',59),(526,'HR','HR-15','ibensko-kninska upanija',59),(527,'HR','HR-16','Vukovarsko-srijemska upanija',59),(528,'HR','HR-17','Splitsko-dalmatinska upanija',59),(529,'HR','HR-18','Istarska upanija',59),(530,'HR','HR-19','Dubrovako-neretvanska upanija',59),(531,'HR','HR-20','Meimurska upanija',59),(532,'HR','HR-21','Grad Zagreb',59),(533,'IN','AN','Andaman and Nicobar Islands',106),(534,'IN','AP','Andhra Pradesh',106),(535,'IN','AR','Arunachal Pradesh',106),(536,'IN','AS','Assam',106),(537,'IN','BR','Bihar',106),(538,'IN','CH','Chandigarh',106),(539,'IN','CT','Chhattisgarh',106),(540,'IN','DN','Dadra and Nagar Haveli',106),(541,'IN','DD','Daman and Diu',106),(542,'IN','DL','Delhi',106),(543,'IN','GA','Goa',106),(544,'IN','GJ','Gujarat',106),(545,'IN','HR','Haryana',106),(546,'IN','HP','Himachal Pradesh',106),(547,'IN','JK','Jammu and Kashmir',106),(548,'IN','JH','Jharkhand',106),(549,'IN','KA','Karnataka',106),(550,'IN','KL','Kerala',106),(551,'IN','LD','Lakshadweep',106),(552,'IN','MP','Madhya Pradesh',106),(553,'IN','MH','Maharashtra',106),(554,'IN','MN','Manipur',106),(555,'IN','ML','Meghalaya',106),(556,'IN','MZ','Mizoram',106),(557,'IN','NL','Nagaland',106),(558,'IN','OR','Odisha',106),(559,'IN','PY','Puducherry',106),(560,'IN','PB','Punjab',106),(561,'IN','RJ','Rajasthan',106),(562,'IN','SK','Sikkim',106),(563,'IN','TN','Tamil Nadu',106),(564,'IN','TG','Telangana',106),(565,'IN','TR','Tripura',106),(566,'IN','UP','Uttar Pradesh',106),(567,'IN','UT','Uttarakhand',106),(568,'IN','WB','West Bengal',106);
/*!40000 ALTER TABLE `country_states` ENABLE KEYS */;
UNLOCK TABLES;

--
-- Table structure for table `country_translations`
--

DROP TABLE IF EXISTS `country_translations`;
/*!40101 SET @saved_cs_client     = @@character_set_client */;
/*!40101 SET character_set_client = utf8 */;
CREATE TABLE `country_translations` (
  `id` int(10) unsigned NOT NULL AUTO_INCREMENT,
  `locale` varchar(191) COLLATE utf8mb4_unicode_ci NOT NULL,
  `name` text COLLATE utf8mb4_unicode_ci,
  `country_id` int(10) unsigned NOT NULL,
  PRIMARY KEY (`id`),
  KEY `country_translations_country_id_foreign` (`country_id`),
  CONSTRAINT `country_translations_country_id_foreign` FOREIGN KEY (`country_id`) REFERENCES `countries` (`id`) ON DELETE CASCADE
) ENGINE=InnoDB DEFAULT CHARSET=utf8mb4 COLLATE=utf8mb4_unicode_ci ROW_FORMAT=DYNAMIC;
/*!40101 SET character_set_client = @saved_cs_client */;

--
-- Dumping data for table `country_translations`
--

LOCK TABLES `country_translations` WRITE;
/*!40000 ALTER TABLE `country_translations` DISABLE KEYS */;
/*!40000 ALTER TABLE `country_translations` ENABLE KEYS */;
UNLOCK TABLES;

--
-- Table structure for table `currencies`
--

DROP TABLE IF EXISTS `currencies`;
/*!40101 SET @saved_cs_client     = @@character_set_client */;
/*!40101 SET character_set_client = utf8 */;
CREATE TABLE `currencies` (
  `id` int(10) unsigned NOT NULL AUTO_INCREMENT,
  `code` varchar(191) COLLATE utf8mb4_unicode_ci NOT NULL,
  `name` varchar(191) COLLATE utf8mb4_unicode_ci NOT NULL,
  `created_at` timestamp NULL DEFAULT NULL,
  `updated_at` timestamp NULL DEFAULT NULL,
  PRIMARY KEY (`id`)
) ENGINE=InnoDB AUTO_INCREMENT=3 DEFAULT CHARSET=utf8mb4 COLLATE=utf8mb4_unicode_ci ROW_FORMAT=DYNAMIC;
/*!40101 SET character_set_client = @saved_cs_client */;

--
-- Dumping data for table `currencies`
--

LOCK TABLES `currencies` WRITE;
/*!40000 ALTER TABLE `currencies` DISABLE KEYS */;
INSERT INTO `currencies` VALUES (1,'LKR','US Dollar',NULL,NULL),(2,'LKR','Sri Lankan Rupee','2019-09-22 18:18:08','2019-09-22 18:18:08');
/*!40000 ALTER TABLE `currencies` ENABLE KEYS */;
UNLOCK TABLES;

--
-- Table structure for table `currency_exchange_rates`
--

DROP TABLE IF EXISTS `currency_exchange_rates`;
/*!40101 SET @saved_cs_client     = @@character_set_client */;
/*!40101 SET character_set_client = utf8 */;
CREATE TABLE `currency_exchange_rates` (
  `id` int(10) unsigned NOT NULL AUTO_INCREMENT,
  `rate` decimal(10,5) NOT NULL,
  `target_currency` int(10) unsigned NOT NULL,
  `created_at` timestamp NULL DEFAULT NULL,
  `updated_at` timestamp NULL DEFAULT NULL,
  PRIMARY KEY (`id`),
  UNIQUE KEY `currency_exchange_rates_target_currency_unique` (`target_currency`),
  CONSTRAINT `currency_exchange_rates_target_currency_foreign` FOREIGN KEY (`target_currency`) REFERENCES `currencies` (`id`) ON DELETE CASCADE
) ENGINE=InnoDB DEFAULT CHARSET=utf8mb4 COLLATE=utf8mb4_unicode_ci ROW_FORMAT=DYNAMIC;
/*!40101 SET character_set_client = @saved_cs_client */;

--
-- Dumping data for table `currency_exchange_rates`
--

LOCK TABLES `currency_exchange_rates` WRITE;
/*!40000 ALTER TABLE `currency_exchange_rates` DISABLE KEYS */;
/*!40000 ALTER TABLE `currency_exchange_rates` ENABLE KEYS */;
UNLOCK TABLES;

--
-- Table structure for table `customer_addresses`
--

DROP TABLE IF EXISTS `customer_addresses`;
/*!40101 SET @saved_cs_client     = @@character_set_client */;
/*!40101 SET character_set_client = utf8 */;
CREATE TABLE `customer_addresses` (
  `id` int(10) unsigned NOT NULL AUTO_INCREMENT,
  `customer_id` int(10) unsigned NOT NULL,
  `address1` varchar(191) COLLATE utf8mb4_unicode_ci NOT NULL,
  `address2` varchar(191) COLLATE utf8mb4_unicode_ci DEFAULT NULL,
  `country` varchar(191) COLLATE utf8mb4_unicode_ci NOT NULL,
  `state` varchar(191) COLLATE utf8mb4_unicode_ci NOT NULL,
  `city` varchar(191) COLLATE utf8mb4_unicode_ci NOT NULL,
  `postcode` int(11) NOT NULL,
  `phone` varchar(191) COLLATE utf8mb4_unicode_ci NOT NULL,
  `default_address` tinyint(1) NOT NULL DEFAULT '0',
  `name` varchar(191) COLLATE utf8mb4_unicode_ci DEFAULT NULL,
  `created_at` timestamp NULL DEFAULT NULL,
  `updated_at` timestamp NULL DEFAULT NULL,
  PRIMARY KEY (`id`),
  KEY `customer_addresses_customer_id_foreign` (`customer_id`),
  CONSTRAINT `customer_addresses_customer_id_foreign` FOREIGN KEY (`customer_id`) REFERENCES `customers` (`id`) ON DELETE CASCADE
) ENGINE=InnoDB AUTO_INCREMENT=2 DEFAULT CHARSET=utf8mb4 COLLATE=utf8mb4_unicode_ci ROW_FORMAT=DYNAMIC;
/*!40101 SET character_set_client = @saved_cs_client */;

--
-- Dumping data for table `customer_addresses`
--

LOCK TABLES `customer_addresses` WRITE;
/*!40000 ALTER TABLE `customer_addresses` DISABLE KEYS */;
INSERT INTO `customer_addresses` VALUES (1,2,'Clover Partners, H/4/1,Stace Road, Colombo 14, Sri Lanka',NULL,'LK','Colombo 14','H/4/1,Stace Road',1400,'0770796331',1,NULL,'2019-11-24 02:44:29','2019-11-24 02:44:29');
/*!40000 ALTER TABLE `customer_addresses` ENABLE KEYS */;
UNLOCK TABLES;

--
-- Table structure for table `customer_groups`
--

DROP TABLE IF EXISTS `customer_groups`;
/*!40101 SET @saved_cs_client     = @@character_set_client */;
/*!40101 SET character_set_client = utf8 */;
CREATE TABLE `customer_groups` (
  `id` int(10) unsigned NOT NULL AUTO_INCREMENT,
  `name` varchar(191) COLLATE utf8mb4_unicode_ci NOT NULL,
  `is_user_defined` tinyint(1) NOT NULL DEFAULT '1',
  `created_at` timestamp NULL DEFAULT NULL,
  `updated_at` timestamp NULL DEFAULT NULL,
  `code` varchar(191) COLLATE utf8mb4_unicode_ci NOT NULL,
  PRIMARY KEY (`id`),
  UNIQUE KEY `customer_groups_code_unique` (`code`)
) ENGINE=InnoDB AUTO_INCREMENT=4 DEFAULT CHARSET=utf8mb4 COLLATE=utf8mb4_unicode_ci ROW_FORMAT=DYNAMIC;
/*!40101 SET character_set_client = @saved_cs_client */;

--
-- Dumping data for table `customer_groups`
--

LOCK TABLES `customer_groups` WRITE;
/*!40000 ALTER TABLE `customer_groups` DISABLE KEYS */;
INSERT INTO `customer_groups` VALUES (1,'Guest',0,NULL,NULL,'guest'),(2,'General',0,NULL,NULL,'general'),(3,'Wholesale',0,NULL,NULL,'wholesale');
/*!40000 ALTER TABLE `customer_groups` ENABLE KEYS */;
UNLOCK TABLES;

--
-- Table structure for table `customer_password_resets`
--

DROP TABLE IF EXISTS `customer_password_resets`;
/*!40101 SET @saved_cs_client     = @@character_set_client */;
/*!40101 SET character_set_client = utf8 */;
CREATE TABLE `customer_password_resets` (
  `email` varchar(191) COLLATE utf8mb4_unicode_ci NOT NULL,
  `token` varchar(191) COLLATE utf8mb4_unicode_ci NOT NULL,
  `created_at` timestamp NULL DEFAULT NULL,
  KEY `customer_password_resets_email_index` (`email`)
) ENGINE=InnoDB DEFAULT CHARSET=utf8mb4 COLLATE=utf8mb4_unicode_ci ROW_FORMAT=DYNAMIC;
/*!40101 SET character_set_client = @saved_cs_client */;

--
-- Dumping data for table `customer_password_resets`
--

LOCK TABLES `customer_password_resets` WRITE;
/*!40000 ALTER TABLE `customer_password_resets` DISABLE KEYS */;
/*!40000 ALTER TABLE `customer_password_resets` ENABLE KEYS */;
UNLOCK TABLES;

--
-- Table structure for table `customers`
--

DROP TABLE IF EXISTS `customers`;
/*!40101 SET @saved_cs_client     = @@character_set_client */;
/*!40101 SET character_set_client = utf8 */;
CREATE TABLE `customers` (
  `id` int(10) unsigned NOT NULL AUTO_INCREMENT,
  `channel_id` int(10) unsigned NOT NULL,
  `first_name` varchar(191) COLLATE utf8mb4_unicode_ci NOT NULL,
  `last_name` varchar(191) COLLATE utf8mb4_unicode_ci NOT NULL,
  `gender` varchar(50) COLLATE utf8mb4_unicode_ci DEFAULT NULL,
  `date_of_birth` date DEFAULT NULL,
  `email` varchar(191) COLLATE utf8mb4_unicode_ci NOT NULL,
  `status` tinyint(4) NOT NULL DEFAULT '1',
  `password` varchar(191) COLLATE utf8mb4_unicode_ci NOT NULL,
  `customer_group_id` int(10) unsigned DEFAULT NULL,
  `subscribed_to_news_letter` tinyint(1) NOT NULL DEFAULT '0',
  `is_verified` tinyint(1) NOT NULL DEFAULT '0',
  `token` varchar(191) COLLATE utf8mb4_unicode_ci DEFAULT NULL,
  `remember_token` varchar(100) COLLATE utf8mb4_unicode_ci DEFAULT NULL,
  `created_at` timestamp NULL DEFAULT NULL,
  `updated_at` timestamp NULL DEFAULT NULL,
  `notes` text COLLATE utf8mb4_unicode_ci,
  `phone` varchar(191) COLLATE utf8mb4_unicode_ci DEFAULT NULL,
  PRIMARY KEY (`id`),
  UNIQUE KEY `customers_email_unique` (`email`),
  KEY `customers_customer_group_id_foreign` (`customer_group_id`),
  CONSTRAINT `customers_customer_group_id_foreign` FOREIGN KEY (`customer_group_id`) REFERENCES `customer_groups` (`id`) ON DELETE SET NULL ON UPDATE SET NULL
) ENGINE=InnoDB AUTO_INCREMENT=3 DEFAULT CHARSET=utf8mb4 COLLATE=utf8mb4_unicode_ci ROW_FORMAT=DYNAMIC;
/*!40101 SET character_set_client = @saved_cs_client */;

--
-- Dumping data for table `customers`
--

LOCK TABLES `customers` WRITE;
/*!40000 ALTER TABLE `customers` DISABLE KEYS */;
INSERT INTO `customers` VALUES (2,0,'Lahiru','Ramesh','Male',NULL,'lahiru@swanky.lk',1,'$2y$10$eq5j3fVNgmhGAUfvyRVna.STXQkXUOmHKqk17wtq0afvfg6lOfKr6',2,0,1,'d3615c8252743dc1eb7d0d82651e6d5b','Q5Vn9UkJFiYZQYauPz1X6WWTxARbZrFIs8lgEGpeMenNYCKDxS7PZu0bqBsQ','2019-11-16 05:54:14','2019-11-24 15:21:00','This is testing customer',NULL);
/*!40000 ALTER TABLE `customers` ENABLE KEYS */;
UNLOCK TABLES;

--
-- Table structure for table `inventory_sources`
--

DROP TABLE IF EXISTS `inventory_sources`;
/*!40101 SET @saved_cs_client     = @@character_set_client */;
/*!40101 SET character_set_client = utf8 */;
CREATE TABLE `inventory_sources` (
  `id` int(10) unsigned NOT NULL AUTO_INCREMENT,
  `code` varchar(191) COLLATE utf8mb4_unicode_ci NOT NULL,
  `name` varchar(191) COLLATE utf8mb4_unicode_ci NOT NULL,
  `description` text COLLATE utf8mb4_unicode_ci,
  `contact_name` varchar(191) COLLATE utf8mb4_unicode_ci NOT NULL,
  `contact_email` varchar(191) COLLATE utf8mb4_unicode_ci NOT NULL,
  `contact_number` varchar(191) COLLATE utf8mb4_unicode_ci NOT NULL,
  `contact_fax` varchar(191) COLLATE utf8mb4_unicode_ci DEFAULT NULL,
  `country` varchar(191) COLLATE utf8mb4_unicode_ci NOT NULL,
  `state` varchar(191) COLLATE utf8mb4_unicode_ci NOT NULL,
  `city` varchar(191) COLLATE utf8mb4_unicode_ci NOT NULL,
  `street` varchar(191) COLLATE utf8mb4_unicode_ci NOT NULL,
  `postcode` varchar(191) COLLATE utf8mb4_unicode_ci NOT NULL,
  `priority` int(11) NOT NULL DEFAULT '0',
  `latitude` decimal(10,5) DEFAULT NULL,
  `longitude` decimal(10,5) DEFAULT NULL,
  `status` tinyint(1) NOT NULL DEFAULT '1',
  `created_at` timestamp NULL DEFAULT NULL,
  `updated_at` timestamp NULL DEFAULT NULL,
  PRIMARY KEY (`id`),
  UNIQUE KEY `inventory_sources_code_unique` (`code`)
) ENGINE=InnoDB AUTO_INCREMENT=2 DEFAULT CHARSET=utf8mb4 COLLATE=utf8mb4_unicode_ci ROW_FORMAT=DYNAMIC;
/*!40101 SET character_set_client = @saved_cs_client */;

--
-- Dumping data for table `inventory_sources`
--

LOCK TABLES `inventory_sources` WRITE;
/*!40000 ALTER TABLE `inventory_sources` DISABLE KEYS */;
INSERT INTO `inventory_sources` VALUES (1,'default','Default',NULL,'Detroit Warehouse','warehouse@example.com','1234567899',NULL,'US','MI','Detroit','12th Street','48127',0,NULL,NULL,1,NULL,NULL);
/*!40000 ALTER TABLE `inventory_sources` ENABLE KEYS */;
UNLOCK TABLES;

--
-- Table structure for table `invoice_items`
--

DROP TABLE IF EXISTS `invoice_items`;
/*!40101 SET @saved_cs_client     = @@character_set_client */;
/*!40101 SET character_set_client = utf8 */;
CREATE TABLE `invoice_items` (
  `id` int(10) unsigned NOT NULL AUTO_INCREMENT,
  `name` varchar(191) COLLATE utf8mb4_unicode_ci DEFAULT NULL,
  `description` varchar(191) COLLATE utf8mb4_unicode_ci DEFAULT NULL,
  `sku` varchar(191) COLLATE utf8mb4_unicode_ci DEFAULT NULL,
  `qty` int(11) DEFAULT NULL,
  `price` decimal(12,4) NOT NULL DEFAULT '0.0000',
  `base_price` decimal(12,4) NOT NULL DEFAULT '0.0000',
  `total` decimal(12,4) NOT NULL DEFAULT '0.0000',
  `base_total` decimal(12,4) NOT NULL DEFAULT '0.0000',
  `tax_amount` decimal(12,4) DEFAULT '0.0000',
  `base_tax_amount` decimal(12,4) DEFAULT '0.0000',
  `product_id` int(10) unsigned DEFAULT NULL,
  `product_type` varchar(191) COLLATE utf8mb4_unicode_ci DEFAULT NULL,
  `order_item_id` int(10) unsigned DEFAULT NULL,
  `invoice_id` int(10) unsigned DEFAULT NULL,
  `parent_id` int(10) unsigned DEFAULT NULL,
  `additional` json DEFAULT NULL,
  `created_at` timestamp NULL DEFAULT NULL,
  `updated_at` timestamp NULL DEFAULT NULL,
  `discount_percent` decimal(12,4) DEFAULT '0.0000',
  `discount_amount` decimal(12,4) DEFAULT '0.0000',
  `base_discount_amount` decimal(12,4) DEFAULT '0.0000',
  PRIMARY KEY (`id`),
  KEY `invoice_items_invoice_id_foreign` (`invoice_id`),
  KEY `invoice_items_parent_id_foreign` (`parent_id`),
  CONSTRAINT `invoice_items_invoice_id_foreign` FOREIGN KEY (`invoice_id`) REFERENCES `invoices` (`id`) ON DELETE CASCADE,
  CONSTRAINT `invoice_items_parent_id_foreign` FOREIGN KEY (`parent_id`) REFERENCES `invoice_items` (`id`) ON DELETE CASCADE
) ENGINE=InnoDB DEFAULT CHARSET=utf8mb4 COLLATE=utf8mb4_unicode_ci ROW_FORMAT=DYNAMIC;
/*!40101 SET character_set_client = @saved_cs_client */;

--
-- Dumping data for table `invoice_items`
--

LOCK TABLES `invoice_items` WRITE;
/*!40000 ALTER TABLE `invoice_items` DISABLE KEYS */;
/*!40000 ALTER TABLE `invoice_items` ENABLE KEYS */;
UNLOCK TABLES;

--
-- Table structure for table `invoices`
--

DROP TABLE IF EXISTS `invoices`;
/*!40101 SET @saved_cs_client     = @@character_set_client */;
/*!40101 SET character_set_client = utf8 */;
CREATE TABLE `invoices` (
  `id` int(10) unsigned NOT NULL AUTO_INCREMENT,
  `increment_id` varchar(191) COLLATE utf8mb4_unicode_ci DEFAULT NULL,
  `state` varchar(191) COLLATE utf8mb4_unicode_ci DEFAULT NULL,
  `email_sent` tinyint(1) NOT NULL DEFAULT '0',
  `total_qty` int(11) DEFAULT NULL,
  `base_currency_code` varchar(191) COLLATE utf8mb4_unicode_ci DEFAULT NULL,
  `channel_currency_code` varchar(191) COLLATE utf8mb4_unicode_ci DEFAULT NULL,
  `order_currency_code` varchar(191) COLLATE utf8mb4_unicode_ci DEFAULT NULL,
  `sub_total` decimal(12,4) DEFAULT '0.0000',
  `base_sub_total` decimal(12,4) DEFAULT '0.0000',
  `grand_total` decimal(12,4) DEFAULT '0.0000',
  `base_grand_total` decimal(12,4) DEFAULT '0.0000',
  `shipping_amount` decimal(12,4) DEFAULT '0.0000',
  `base_shipping_amount` decimal(12,4) DEFAULT '0.0000',
  `tax_amount` decimal(12,4) DEFAULT '0.0000',
  `base_tax_amount` decimal(12,4) DEFAULT '0.0000',
  `discount_amount` decimal(12,4) DEFAULT '0.0000',
  `base_discount_amount` decimal(12,4) DEFAULT '0.0000',
  `order_id` int(10) unsigned DEFAULT NULL,
  `order_address_id` int(10) unsigned DEFAULT NULL,
  `created_at` timestamp NULL DEFAULT NULL,
  `updated_at` timestamp NULL DEFAULT NULL,
  `transaction_id` varchar(191) COLLATE utf8mb4_unicode_ci DEFAULT NULL,
  PRIMARY KEY (`id`),
  KEY `invoices_order_id_foreign` (`order_id`),
  KEY `invoices_order_address_id_foreign` (`order_address_id`),
  CONSTRAINT `invoices_order_address_id_foreign` FOREIGN KEY (`order_address_id`) REFERENCES `order_address` (`id`) ON DELETE SET NULL,
  CONSTRAINT `invoices_order_id_foreign` FOREIGN KEY (`order_id`) REFERENCES `orders` (`id`) ON DELETE CASCADE
) ENGINE=InnoDB DEFAULT CHARSET=utf8mb4 COLLATE=utf8mb4_unicode_ci ROW_FORMAT=DYNAMIC;
/*!40101 SET character_set_client = @saved_cs_client */;

--
-- Dumping data for table `invoices`
--

LOCK TABLES `invoices` WRITE;
/*!40000 ALTER TABLE `invoices` DISABLE KEYS */;
/*!40000 ALTER TABLE `invoices` ENABLE KEYS */;
UNLOCK TABLES;

--
-- Table structure for table `locales`
--

DROP TABLE IF EXISTS `locales`;
/*!40101 SET @saved_cs_client     = @@character_set_client */;
/*!40101 SET character_set_client = utf8 */;
CREATE TABLE `locales` (
  `id` int(10) unsigned NOT NULL AUTO_INCREMENT,
  `code` varchar(191) COLLATE utf8mb4_unicode_ci NOT NULL,
  `name` varchar(191) COLLATE utf8mb4_unicode_ci NOT NULL,
  `created_at` timestamp NULL DEFAULT NULL,
  `updated_at` timestamp NULL DEFAULT NULL,
  `direction` enum('ltr','rtl') COLLATE utf8mb4_unicode_ci NOT NULL DEFAULT 'ltr',
  PRIMARY KEY (`id`),
  UNIQUE KEY `locales_code_unique` (`code`)
) ENGINE=InnoDB AUTO_INCREMENT=2 DEFAULT CHARSET=utf8mb4 COLLATE=utf8mb4_unicode_ci ROW_FORMAT=DYNAMIC;
/*!40101 SET character_set_client = @saved_cs_client */;

--
-- Dumping data for table `locales`
--

LOCK TABLES `locales` WRITE;
/*!40000 ALTER TABLE `locales` DISABLE KEYS */;
INSERT INTO `locales` VALUES (1,'en','English',NULL,NULL,'ltr');
/*!40000 ALTER TABLE `locales` ENABLE KEYS */;
UNLOCK TABLES;

--
-- Table structure for table `migrations`
--

DROP TABLE IF EXISTS `migrations`;
/*!40101 SET @saved_cs_client     = @@character_set_client */;
/*!40101 SET character_set_client = utf8 */;
CREATE TABLE `migrations` (
  `id` int(10) unsigned NOT NULL AUTO_INCREMENT,
  `migration` varchar(191) COLLATE utf8mb4_unicode_ci NOT NULL,
  `batch` int(11) NOT NULL,
  PRIMARY KEY (`id`)
) ENGINE=InnoDB AUTO_INCREMENT=106 DEFAULT CHARSET=utf8mb4 COLLATE=utf8mb4_unicode_ci ROW_FORMAT=DYNAMIC;
/*!40101 SET character_set_client = @saved_cs_client */;

--
-- Dumping data for table `migrations`
--

LOCK TABLES `migrations` WRITE;
/*!40000 ALTER TABLE `migrations` DISABLE KEYS */;
INSERT INTO `migrations` VALUES (1,'2014_10_12_000000_create_users_table',1),(2,'2014_10_12_100000_create_admin_password_resets_table',1),(3,'2014_10_12_100000_create_password_resets_table',1),(4,'2018_06_12_111907_create_admins_table',1),(5,'2018_06_13_055341_create_roles_table',1),(6,'2018_07_05_130148_create_attributes_table',1),(7,'2018_07_05_132854_create_attribute_translations_table',1),(8,'2018_07_05_135150_create_attribute_families_table',1),(9,'2018_07_05_135152_create_attribute_groups_table',1),(10,'2018_07_05_140832_create_attribute_options_table',1),(11,'2018_07_05_140856_create_attribute_option_translations_table',1),(12,'2018_07_05_142820_create_categories_table',1),(13,'2018_07_10_055143_create_locales_table',1),(14,'2018_07_20_054426_create_countries_table',1),(15,'2018_07_20_054502_create_currencies_table',1),(16,'2018_07_20_054542_create_currency_exchange_rates_table',1),(17,'2018_07_20_064849_create_channels_table',1),(18,'2018_07_21_142836_create_category_translations_table',1),(19,'2018_07_23_110040_create_inventory_sources_table',1),(20,'2018_07_24_082635_create_customer_groups_table',1),(21,'2018_07_24_082930_create_customers_table',1),(22,'2018_07_24_083025_create_customer_addresses_table',1),(23,'2018_07_27_065727_create_products_table',1),(24,'2018_07_27_070011_create_product_attribute_values_table',1),(25,'2018_07_27_092623_create_product_reviews_table',1),(26,'2018_07_27_113941_create_product_images_table',1),(27,'2018_07_27_113956_create_product_inventories_table',1),(28,'2018_08_03_114203_create_sliders_table',1),(29,'2018_08_30_064755_create_tax_categories_table',1),(30,'2018_08_30_065042_create_tax_rates_table',1),(31,'2018_08_30_065840_create_tax_mappings_table',1),(32,'2018_09_05_150444_create_cart_table',1),(33,'2018_09_05_150915_create_cart_items_table',1),(34,'2018_09_11_064045_customer_password_resets',1),(35,'2018_09_19_092845_create_cart_address',1),(36,'2018_09_19_093453_create_cart_payment',1),(37,'2018_09_19_093508_create_cart_shipping_rates_table',1),(38,'2018_09_20_060658_create_core_config_table',1),(39,'2018_09_27_113154_create_orders_table',1),(40,'2018_09_27_113207_create_order_items_table',1),(41,'2018_09_27_113405_create_order_address_table',1),(42,'2018_09_27_115022_create_shipments_table',1),(43,'2018_09_27_115029_create_shipment_items_table',1),(44,'2018_09_27_115135_create_invoices_table',1),(45,'2018_09_27_115144_create_invoice_items_table',1),(46,'2018_10_01_095504_create_order_payment_table',1),(47,'2018_10_03_025230_create_wishlist_table',1),(48,'2018_10_12_101803_create_country_translations_table',1),(49,'2018_10_12_101913_create_country_states_table',1),(50,'2018_10_12_101923_create_country_state_translations_table',1),(51,'2018_11_15_153257_alter_order_table',1),(52,'2018_11_15_163729_alter_invoice_table',1),(53,'2018_11_16_173504_create_subscribers_list_table',1),(54,'2018_11_17_165758_add_is_verified_column_in_customers_table',1),(55,'2018_11_21_144411_create_cart_item_inventories_table',1),(56,'2018_11_26_110500_change_gender_column_in_customers_table',1),(57,'2018_11_27_174449_change_content_column_in_sliders_table',1),(58,'2018_12_05_132625_drop_foreign_key_core_config_table',1),(59,'2018_12_05_132629_alter_core_config_table',1),(60,'2018_12_06_185202_create_product_flat_table',1),(61,'2018_12_21_101307_alter_channels_table',1),(62,'2018_12_24_123812_create_channel_inventory_sources_table',1),(63,'2018_12_24_184402_alter_shipments_table',1),(64,'2018_12_26_165327_create_product_ordered_inventories_table',1),(65,'2018_12_31_161114_alter_channels_category_table',1),(66,'2019_01_11_122452_add_vendor_id_column_in_product_inventories_table',1),(67,'2019_01_25_124522_add_updated_at_column_in_product_flat_table',1),(68,'2019_01_29_123053_add_min_price_and_max_price_column_in_product_flat_table',1),(69,'2019_01_31_164117_update_value_column_type_to_text_in_core_config_table',1),(70,'2019_02_21_145238_alter_product_reviews_table',1),(71,'2019_02_21_152709_add_swatch_type_column_in_attributes_table',1),(72,'2019_02_21_153035_alter_customer_id_in_product_reviews_table',1),(73,'2019_02_21_153851_add_swatch_value_columns_in_attribute_options_table',1),(74,'2019_03_15_123337_add_display_mode_column_in_categories_table',1),(75,'2019_03_28_103658_add_notes_column_in_customers_table',1),(76,'2019_04_24_155820_alter_product_flat_table',1),(77,'2019_05_13_024326_create_cart_rule_table',1),(78,'2019_05_13_024340_create_cart_rule_channels_table',1),(79,'2019_05_13_024419_create_cart_rule_customer_groups_table',1),(80,'2019_05_16_094238_create_cart_rule_labels_table',1),(81,'2019_05_22_165833_update_zipcode_column_type_to_varchar_in_cart_address_table',1),(82,'2019_05_23_113407_add_remaining_column_in_product_flat_table',1),(83,'2019_05_23_155520_add_discount_columns_in_invoice_items_table',1),(84,'2019_05_23_175727_create_cart_rule_customers_table',1),(85,'2019_05_23_180457_create_cart_rule_coupons_table',1),(86,'2019_05_23_184029_rename_discount_columns_in_cart_table',1),(87,'2019_05_24_113949_create_cart_rule_coupons_usage_table',1),(88,'2019_05_30_141207_create_cart_rule_cart_table',1),(89,'2019_06_04_114009_add_phone_column_in_customers_table',1),(90,'2019_06_06_195905_update_custom_price_to_nullable_in_cart_items',1),(91,'2019_06_15_183412_add_code_column_in_customer_groups_table',1),(92,'2019_06_19_162817_remove_unique_in_phone_column_in_customers_table',1),(93,'2019_06_25_110122_remove_is_guest_from_cart_rules_table',1),(94,'2019_07_11_151210_add_locale_id_in_category_translations',1),(95,'2019_07_14_070809_add_products_selection_column_in_cart_rules_table',1),(96,'2019_07_23_033128_alter_locales_table',1),(97,'2019_07_29_142734_add_use_in_flat_column_in_attributes_table',1),(98,'2019_07_30_153530_create_cms_pages_table',1),(99,'2019_07_31_143339_create_category_filterable_attributes_table',1),(100,'2019_08_08_130433_create_catalog_rules_table',1),(101,'2019_08_08_130451_create_catalog_rule_customer_groups_table',1),(102,'2019_08_08_130458_create_catalog_rule_channels_table',1),(103,'2019_08_08_130550_create_catalog_rule_products_table',1),(104,'2019_08_08_130583_create_catalog_rule_products_price_table',1),(105,'2019_08_21_123707_add_seo_column_in_channels_table',1);
/*!40000 ALTER TABLE `migrations` ENABLE KEYS */;
UNLOCK TABLES;

--
-- Table structure for table `order_address`
--

DROP TABLE IF EXISTS `order_address`;
/*!40101 SET @saved_cs_client     = @@character_set_client */;
/*!40101 SET character_set_client = utf8 */;
CREATE TABLE `order_address` (
  `id` int(10) unsigned NOT NULL AUTO_INCREMENT,
  `first_name` varchar(191) COLLATE utf8mb4_unicode_ci NOT NULL,
  `last_name` varchar(191) COLLATE utf8mb4_unicode_ci NOT NULL,
  `email` varchar(191) COLLATE utf8mb4_unicode_ci NOT NULL,
  `address1` varchar(191) COLLATE utf8mb4_unicode_ci NOT NULL,
  `address2` varchar(191) COLLATE utf8mb4_unicode_ci DEFAULT NULL,
  `country` varchar(191) COLLATE utf8mb4_unicode_ci NOT NULL,
  `state` varchar(191) COLLATE utf8mb4_unicode_ci NOT NULL,
  `city` varchar(191) COLLATE utf8mb4_unicode_ci NOT NULL,
  `postcode` int(11) NOT NULL,
  `phone` varchar(191) COLLATE utf8mb4_unicode_ci NOT NULL,
  `address_type` varchar(191) COLLATE utf8mb4_unicode_ci NOT NULL,
  `order_id` int(10) unsigned NOT NULL,
  `customer_id` int(10) unsigned DEFAULT NULL,
  `created_at` timestamp NULL DEFAULT NULL,
  `updated_at` timestamp NULL DEFAULT NULL,
  PRIMARY KEY (`id`),
  KEY `order_address_order_id_foreign` (`order_id`),
  KEY `order_address_customer_id_foreign` (`customer_id`),
  CONSTRAINT `order_address_customer_id_foreign` FOREIGN KEY (`customer_id`) REFERENCES `customers` (`id`) ON DELETE SET NULL,
  CONSTRAINT `order_address_order_id_foreign` FOREIGN KEY (`order_id`) REFERENCES `orders` (`id`) ON DELETE CASCADE
) ENGINE=InnoDB AUTO_INCREMENT=3 DEFAULT CHARSET=utf8mb4 COLLATE=utf8mb4_unicode_ci ROW_FORMAT=DYNAMIC;
/*!40101 SET character_set_client = @saved_cs_client */;

--
-- Dumping data for table `order_address`
--

LOCK TABLES `order_address` WRITE;
/*!40000 ALTER TABLE `order_address` DISABLE KEYS */;
INSERT INTO `order_address` VALUES (1,'Lahiru','Ramesh','lahiru@swanky.lk','Clover Partners, H/4/1,Stace Road, Colombo 14, Sri Lanka',NULL,'LK','Colombo 14','H/4/1,Stace Road',1400,'0770796331','shipping',1,NULL,'2019-11-24 15:17:59','2019-11-24 15:17:59'),(2,'Lahiru','Ramesh','lahiru@swanky.lk','Clover Partners, H/4/1,Stace Road, Colombo 14, Sri Lanka',NULL,'LK','Colombo 14','H/4/1,Stace Road',1400,'0770796331','billing',1,NULL,'2019-11-24 15:17:59','2019-11-24 15:17:59');
/*!40000 ALTER TABLE `order_address` ENABLE KEYS */;
UNLOCK TABLES;

--
-- Table structure for table `order_items`
--

DROP TABLE IF EXISTS `order_items`;
/*!40101 SET @saved_cs_client     = @@character_set_client */;
/*!40101 SET character_set_client = utf8 */;
CREATE TABLE `order_items` (
  `id` int(10) unsigned NOT NULL AUTO_INCREMENT,
  `sku` varchar(191) COLLATE utf8mb4_unicode_ci DEFAULT NULL,
  `type` varchar(191) COLLATE utf8mb4_unicode_ci DEFAULT NULL,
  `name` varchar(191) COLLATE utf8mb4_unicode_ci DEFAULT NULL,
  `coupon_code` varchar(191) COLLATE utf8mb4_unicode_ci DEFAULT NULL,
  `weight` decimal(12,4) DEFAULT '0.0000',
  `total_weight` decimal(12,4) DEFAULT '0.0000',
  `qty_ordered` int(11) DEFAULT '0',
  `qty_shipped` int(11) DEFAULT '0',
  `qty_invoiced` int(11) DEFAULT '0',
  `qty_canceled` int(11) DEFAULT '0',
  `qty_refunded` int(11) DEFAULT '0',
  `price` decimal(12,4) NOT NULL DEFAULT '0.0000',
  `base_price` decimal(12,4) NOT NULL DEFAULT '0.0000',
  `total` decimal(12,4) NOT NULL DEFAULT '0.0000',
  `base_total` decimal(12,4) NOT NULL DEFAULT '0.0000',
  `total_invoiced` decimal(12,4) NOT NULL DEFAULT '0.0000',
  `base_total_invoiced` decimal(12,4) NOT NULL DEFAULT '0.0000',
  `amount_refunded` decimal(12,4) NOT NULL DEFAULT '0.0000',
  `base_amount_refunded` decimal(12,4) NOT NULL DEFAULT '0.0000',
  `discount_percent` decimal(12,4) DEFAULT '0.0000',
  `discount_amount` decimal(12,4) DEFAULT '0.0000',
  `base_discount_amount` decimal(12,4) DEFAULT '0.0000',
  `discount_invoiced` decimal(12,4) DEFAULT '0.0000',
  `base_discount_invoiced` decimal(12,4) DEFAULT '0.0000',
  `discount_refunded` decimal(12,4) DEFAULT '0.0000',
  `base_discount_refunded` decimal(12,4) DEFAULT '0.0000',
  `tax_percent` decimal(12,4) DEFAULT '0.0000',
  `tax_amount` decimal(12,4) DEFAULT '0.0000',
  `base_tax_amount` decimal(12,4) DEFAULT '0.0000',
  `tax_amount_invoiced` decimal(12,4) DEFAULT '0.0000',
  `base_tax_amount_invoiced` decimal(12,4) DEFAULT '0.0000',
  `tax_amount_refunded` decimal(12,4) DEFAULT '0.0000',
  `base_tax_amount_refunded` decimal(12,4) DEFAULT '0.0000',
  `product_id` int(10) unsigned DEFAULT NULL,
  `product_type` varchar(191) COLLATE utf8mb4_unicode_ci DEFAULT NULL,
  `order_id` int(10) unsigned DEFAULT NULL,
  `parent_id` int(10) unsigned DEFAULT NULL,
  `additional` json DEFAULT NULL,
  `created_at` timestamp NULL DEFAULT NULL,
  `updated_at` timestamp NULL DEFAULT NULL,
  PRIMARY KEY (`id`),
  KEY `order_items_order_id_foreign` (`order_id`),
  KEY `order_items_parent_id_foreign` (`parent_id`),
  CONSTRAINT `order_items_order_id_foreign` FOREIGN KEY (`order_id`) REFERENCES `orders` (`id`) ON DELETE CASCADE,
  CONSTRAINT `order_items_parent_id_foreign` FOREIGN KEY (`parent_id`) REFERENCES `order_items` (`id`) ON DELETE CASCADE
) ENGINE=InnoDB AUTO_INCREMENT=2 DEFAULT CHARSET=utf8mb4 COLLATE=utf8mb4_unicode_ci ROW_FORMAT=DYNAMIC;
/*!40101 SET character_set_client = @saved_cs_client */;

--
-- Dumping data for table `order_items`
--

LOCK TABLES `order_items` WRITE;
/*!40000 ALTER TABLE `order_items` DISABLE KEYS */;
INSERT INTO `order_items` VALUES (1,'product-five','simple','product-05',NULL,1.0000,3.0000,3,0,0,0,0,135.0500,135.0500,405.1500,405.1500,0.0000,0.0000,0.0000,0.0000,0.0000,0.0000,0.0000,0.0000,0.0000,0.0000,0.0000,0.0000,0.0000,0.0000,0.0000,0.0000,0.0000,0.0000,32,'Webkul\\Product\\Models\\Product',1,NULL,'{\"_token\": \"Veskt0kF1H8mIcZneIz9im5j18MwaBAZTILadZwA\", \"quantity\": \"1\", \"product_id\": \"32\"}','2019-11-24 15:17:59','2019-11-24 15:17:59');
/*!40000 ALTER TABLE `order_items` ENABLE KEYS */;
UNLOCK TABLES;

--
-- Table structure for table `order_payment`
--

DROP TABLE IF EXISTS `order_payment`;
/*!40101 SET @saved_cs_client     = @@character_set_client */;
/*!40101 SET character_set_client = utf8 */;
CREATE TABLE `order_payment` (
  `id` int(10) unsigned NOT NULL AUTO_INCREMENT,
  `method` varchar(191) COLLATE utf8mb4_unicode_ci NOT NULL,
  `method_title` varchar(191) COLLATE utf8mb4_unicode_ci DEFAULT NULL,
  `order_id` int(10) unsigned DEFAULT NULL,
  `created_at` timestamp NULL DEFAULT NULL,
  `updated_at` timestamp NULL DEFAULT NULL,
  PRIMARY KEY (`id`),
  KEY `order_payment_order_id_foreign` (`order_id`),
  CONSTRAINT `order_payment_order_id_foreign` FOREIGN KEY (`order_id`) REFERENCES `orders` (`id`) ON DELETE CASCADE
) ENGINE=InnoDB AUTO_INCREMENT=2 DEFAULT CHARSET=utf8mb4 COLLATE=utf8mb4_unicode_ci ROW_FORMAT=DYNAMIC;
/*!40101 SET character_set_client = @saved_cs_client */;

--
-- Dumping data for table `order_payment`
--

LOCK TABLES `order_payment` WRITE;
/*!40000 ALTER TABLE `order_payment` DISABLE KEYS */;
INSERT INTO `order_payment` VALUES (1,'cashondelivery',NULL,1,'2019-11-24 15:17:59','2019-11-24 15:17:59');
/*!40000 ALTER TABLE `order_payment` ENABLE KEYS */;
UNLOCK TABLES;

--
-- Table structure for table `orders`
--

DROP TABLE IF EXISTS `orders`;
/*!40101 SET @saved_cs_client     = @@character_set_client */;
/*!40101 SET character_set_client = utf8 */;
CREATE TABLE `orders` (
  `id` int(10) unsigned NOT NULL AUTO_INCREMENT,
  `increment_id` varchar(191) COLLATE utf8mb4_unicode_ci NOT NULL,
  `status` varchar(191) COLLATE utf8mb4_unicode_ci DEFAULT NULL,
  `channel_name` varchar(191) COLLATE utf8mb4_unicode_ci DEFAULT NULL,
  `is_guest` tinyint(1) DEFAULT NULL,
  `customer_email` varchar(191) COLLATE utf8mb4_unicode_ci DEFAULT NULL,
  `customer_first_name` varchar(191) COLLATE utf8mb4_unicode_ci DEFAULT NULL,
  `customer_last_name` varchar(191) COLLATE utf8mb4_unicode_ci DEFAULT NULL,
  `shipping_method` varchar(191) COLLATE utf8mb4_unicode_ci DEFAULT NULL,
  `shipping_title` varchar(191) COLLATE utf8mb4_unicode_ci DEFAULT NULL,
  `shipping_description` varchar(191) COLLATE utf8mb4_unicode_ci DEFAULT NULL,
  `coupon_code` varchar(191) COLLATE utf8mb4_unicode_ci DEFAULT NULL,
  `is_gift` tinyint(1) NOT NULL DEFAULT '0',
  `total_item_count` int(11) DEFAULT NULL,
  `total_qty_ordered` int(11) DEFAULT NULL,
  `base_currency_code` varchar(191) COLLATE utf8mb4_unicode_ci DEFAULT NULL,
  `channel_currency_code` varchar(191) COLLATE utf8mb4_unicode_ci DEFAULT NULL,
  `order_currency_code` varchar(191) COLLATE utf8mb4_unicode_ci DEFAULT NULL,
  `grand_total` decimal(12,4) DEFAULT '0.0000',
  `base_grand_total` decimal(12,4) DEFAULT '0.0000',
  `grand_total_invoiced` decimal(12,4) DEFAULT '0.0000',
  `base_grand_total_invoiced` decimal(12,4) DEFAULT '0.0000',
  `grand_total_refunded` decimal(12,4) DEFAULT '0.0000',
  `base_grand_total_refunded` decimal(12,4) DEFAULT '0.0000',
  `sub_total` decimal(12,4) DEFAULT '0.0000',
  `base_sub_total` decimal(12,4) DEFAULT '0.0000',
  `sub_total_invoiced` decimal(12,4) DEFAULT '0.0000',
  `base_sub_total_invoiced` decimal(12,4) DEFAULT '0.0000',
  `sub_total_refunded` decimal(12,4) DEFAULT '0.0000',
  `base_sub_total_refunded` decimal(12,4) DEFAULT '0.0000',
  `discount_percent` decimal(12,4) DEFAULT '0.0000',
  `discount_amount` decimal(12,4) DEFAULT '0.0000',
  `base_discount_amount` decimal(12,4) DEFAULT '0.0000',
  `discount_invoiced` decimal(12,4) DEFAULT '0.0000',
  `base_discount_invoiced` decimal(12,4) DEFAULT '0.0000',
  `discount_refunded` decimal(12,4) DEFAULT '0.0000',
  `base_discount_refunded` decimal(12,4) DEFAULT '0.0000',
  `tax_amount` decimal(12,4) DEFAULT '0.0000',
  `base_tax_amount` decimal(12,4) DEFAULT '0.0000',
  `tax_amount_invoiced` decimal(12,4) DEFAULT '0.0000',
  `base_tax_amount_invoiced` decimal(12,4) DEFAULT '0.0000',
  `tax_amount_refunded` decimal(12,4) DEFAULT '0.0000',
  `base_tax_amount_refunded` decimal(12,4) DEFAULT '0.0000',
  `shipping_amount` decimal(12,4) DEFAULT '0.0000',
  `base_shipping_amount` decimal(12,4) DEFAULT '0.0000',
  `shipping_invoiced` decimal(12,4) DEFAULT '0.0000',
  `base_shipping_invoiced` decimal(12,4) DEFAULT '0.0000',
  `shipping_refunded` decimal(12,4) DEFAULT '0.0000',
  `base_shipping_refunded` decimal(12,4) DEFAULT '0.0000',
  `customer_id` int(10) unsigned DEFAULT NULL,
  `customer_type` varchar(191) COLLATE utf8mb4_unicode_ci DEFAULT NULL,
  `channel_id` int(10) unsigned DEFAULT NULL,
  `channel_type` varchar(191) COLLATE utf8mb4_unicode_ci DEFAULT NULL,
  `created_at` timestamp NULL DEFAULT NULL,
  `updated_at` timestamp NULL DEFAULT NULL,
  `cart_id` int(11) DEFAULT NULL,
  PRIMARY KEY (`id`),
  KEY `orders_customer_id_foreign` (`customer_id`),
  KEY `orders_channel_id_foreign` (`channel_id`),
  CONSTRAINT `orders_channel_id_foreign` FOREIGN KEY (`channel_id`) REFERENCES `channels` (`id`) ON DELETE SET NULL,
  CONSTRAINT `orders_customer_id_foreign` FOREIGN KEY (`customer_id`) REFERENCES `customers` (`id`) ON DELETE SET NULL
) ENGINE=InnoDB AUTO_INCREMENT=2 DEFAULT CHARSET=utf8mb4 COLLATE=utf8mb4_unicode_ci ROW_FORMAT=DYNAMIC;
/*!40101 SET character_set_client = @saved_cs_client */;

--
-- Dumping data for table `orders`
--

LOCK TABLES `orders` WRITE;
/*!40000 ALTER TABLE `orders` DISABLE KEYS */;
INSERT INTO `orders` VALUES (1,'SWKIDZ00000000001','pending','Swankykidz',0,'lahiru@swanky.lk','Lahiru','Ramesh','free_free','Free Shipping - Free Shipping','Free Shipping',NULL,0,1,3,'USD','LKR','LKR',405.1500,405.1500,0.0000,0.0000,0.0000,0.0000,405.1500,405.1500,0.0000,0.0000,0.0000,0.0000,0.0000,0.0000,0.0000,0.0000,0.0000,0.0000,0.0000,0.0000,0.0000,0.0000,0.0000,0.0000,0.0000,0.0000,0.0000,0.0000,0.0000,0.0000,0.0000,2,'Webkul\\Customer\\Models\\Customer',1,'Webkul\\Core\\Models\\Channel','2019-11-24 15:17:59','2019-11-24 15:17:59',9);
/*!40000 ALTER TABLE `orders` ENABLE KEYS */;
UNLOCK TABLES;

--
-- Table structure for table `password_resets`
--

DROP TABLE IF EXISTS `password_resets`;
/*!40101 SET @saved_cs_client     = @@character_set_client */;
/*!40101 SET character_set_client = utf8 */;
CREATE TABLE `password_resets` (
  `email` varchar(191) COLLATE utf8mb4_unicode_ci NOT NULL,
  `token` varchar(191) COLLATE utf8mb4_unicode_ci NOT NULL,
  `created_at` timestamp NULL DEFAULT NULL,
  KEY `password_resets_email_index` (`email`)
) ENGINE=InnoDB DEFAULT CHARSET=utf8mb4 COLLATE=utf8mb4_unicode_ci ROW_FORMAT=DYNAMIC;
/*!40101 SET character_set_client = @saved_cs_client */;

--
-- Dumping data for table `password_resets`
--

LOCK TABLES `password_resets` WRITE;
/*!40000 ALTER TABLE `password_resets` DISABLE KEYS */;
/*!40000 ALTER TABLE `password_resets` ENABLE KEYS */;
UNLOCK TABLES;

--
-- Table structure for table `product_attribute_values`
--

DROP TABLE IF EXISTS `product_attribute_values`;
/*!40101 SET @saved_cs_client     = @@character_set_client */;
/*!40101 SET character_set_client = utf8 */;
CREATE TABLE `product_attribute_values` (
  `id` int(10) unsigned NOT NULL AUTO_INCREMENT,
  `locale` varchar(191) COLLATE utf8mb4_unicode_ci DEFAULT NULL,
  `channel` varchar(191) COLLATE utf8mb4_unicode_ci DEFAULT NULL,
  `text_value` text COLLATE utf8mb4_unicode_ci,
  `boolean_value` tinyint(1) DEFAULT NULL,
  `integer_value` int(11) DEFAULT NULL,
  `float_value` double DEFAULT NULL,
  `datetime_value` datetime DEFAULT NULL,
  `date_value` date DEFAULT NULL,
  `json_value` json DEFAULT NULL,
  `product_id` int(10) unsigned NOT NULL,
  `attribute_id` int(10) unsigned NOT NULL,
  PRIMARY KEY (`id`),
  UNIQUE KEY `chanel_locale_attribute_value_index_unique` (`channel`,`locale`,`attribute_id`,`product_id`),
  KEY `product_attribute_values_product_id_foreign` (`product_id`),
  KEY `product_attribute_values_attribute_id_foreign` (`attribute_id`),
  CONSTRAINT `product_attribute_values_attribute_id_foreign` FOREIGN KEY (`attribute_id`) REFERENCES `attributes` (`id`) ON DELETE CASCADE,
  CONSTRAINT `product_attribute_values_product_id_foreign` FOREIGN KEY (`product_id`) REFERENCES `products` (`id`) ON DELETE CASCADE
) ENGINE=InnoDB AUTO_INCREMENT=656 DEFAULT CHARSET=utf8mb4 COLLATE=utf8mb4_unicode_ci ROW_FORMAT=DYNAMIC;
/*!40101 SET character_set_client = @saved_cs_client */;

--
-- Dumping data for table `product_attribute_values`
--

LOCK TABLES `product_attribute_values` WRITE;
/*!40000 ALTER TABLE `product_attribute_values` DISABLE KEYS */;
INSERT INTO `product_attribute_values` VALUES (369,'en','default','<p><span style=\"color: #222222; font-family: \'dejavu sans mono\', monospace; font-size: 11px; white-space: pre-wrap;\">details</span></p>',NULL,NULL,NULL,NULL,NULL,NULL,28,9),(370,'en','default','<p><span style=\"color: #222222; font-family: \'dejavu sans mono\', monospace; font-size: 11px; white-space: pre-wrap;\">details</span></p>',NULL,NULL,NULL,NULL,NULL,NULL,28,10),(371,NULL,NULL,'product-one',NULL,NULL,NULL,NULL,NULL,NULL,28,1),(372,'en','default','Product 01',NULL,NULL,NULL,NULL,NULL,NULL,28,2),(373,NULL,NULL,'product-one',NULL,NULL,NULL,NULL,NULL,NULL,28,3),(374,NULL,'default',NULL,NULL,0,NULL,NULL,NULL,NULL,28,4),(375,NULL,NULL,NULL,0,NULL,NULL,NULL,NULL,NULL,28,5),(376,NULL,NULL,NULL,0,NULL,NULL,NULL,NULL,NULL,28,6),(377,NULL,NULL,NULL,1,NULL,NULL,NULL,NULL,NULL,28,7),(378,NULL,NULL,NULL,1,NULL,NULL,NULL,NULL,NULL,28,8),(379,NULL,NULL,NULL,NULL,2,NULL,NULL,NULL,NULL,28,23),(380,NULL,NULL,NULL,NULL,6,NULL,NULL,NULL,NULL,28,24),(381,'en','default','',NULL,NULL,NULL,NULL,NULL,NULL,28,16),(382,'en','default','',NULL,NULL,NULL,NULL,NULL,NULL,28,17),(383,'en','default','',NULL,NULL,NULL,NULL,NULL,NULL,28,18),(384,NULL,NULL,NULL,NULL,NULL,1550,NULL,NULL,NULL,28,11),(385,NULL,'default',NULL,NULL,NULL,700,NULL,NULL,NULL,28,12),(386,NULL,NULL,NULL,NULL,NULL,0,NULL,NULL,NULL,28,13),(387,NULL,NULL,'',NULL,NULL,NULL,NULL,NULL,NULL,28,19),(388,NULL,NULL,'',NULL,NULL,NULL,NULL,NULL,NULL,28,20),(389,NULL,NULL,'',NULL,NULL,NULL,NULL,NULL,NULL,28,21),(390,NULL,NULL,'0.1',NULL,NULL,NULL,NULL,NULL,NULL,28,22),(391,'en','default','<p><span style=\"color: #222222; font-family: \'dejavu sans mono\', monospace; font-size: 11px; white-space: pre-wrap;\">details</span></p>',NULL,NULL,NULL,NULL,NULL,NULL,29,9),(392,'en','default','<p><span style=\"color: #222222; font-family: \'dejavu sans mono\', monospace; font-size: 11px; white-space: pre-wrap;\">details</span></p>',NULL,NULL,NULL,NULL,NULL,NULL,29,10),(393,NULL,NULL,'product-two',NULL,NULL,NULL,NULL,NULL,NULL,29,1),(394,'en','default','product-02',NULL,NULL,NULL,NULL,NULL,NULL,29,2),(395,NULL,NULL,'product-02',NULL,NULL,NULL,NULL,NULL,NULL,29,3),(396,NULL,'default',NULL,NULL,0,NULL,NULL,NULL,NULL,29,4),(397,NULL,NULL,NULL,0,NULL,NULL,NULL,NULL,NULL,29,5),(398,NULL,NULL,NULL,0,NULL,NULL,NULL,NULL,NULL,29,6),(399,NULL,NULL,NULL,1,NULL,NULL,NULL,NULL,NULL,29,7),(400,NULL,NULL,NULL,1,NULL,NULL,NULL,NULL,NULL,29,8),(401,NULL,NULL,NULL,NULL,1,NULL,NULL,NULL,NULL,29,23),(402,NULL,NULL,NULL,NULL,6,NULL,NULL,NULL,NULL,29,24),(403,'en','default','',NULL,NULL,NULL,NULL,NULL,NULL,29,16),(404,'en','default','',NULL,NULL,NULL,NULL,NULL,NULL,29,17),(405,'en','default','',NULL,NULL,NULL,NULL,NULL,NULL,29,18),(406,NULL,NULL,NULL,NULL,NULL,1600,NULL,NULL,NULL,29,11),(407,NULL,'default',NULL,NULL,NULL,1300,NULL,NULL,NULL,29,12),(408,NULL,NULL,NULL,NULL,NULL,0,NULL,NULL,NULL,29,13),(409,NULL,NULL,'',NULL,NULL,NULL,NULL,NULL,NULL,29,19),(410,NULL,NULL,'',NULL,NULL,NULL,NULL,NULL,NULL,29,20),(411,NULL,NULL,'',NULL,NULL,NULL,NULL,NULL,NULL,29,21),(412,NULL,NULL,'0.1',NULL,NULL,NULL,NULL,NULL,NULL,29,22),(413,NULL,'default',NULL,NULL,NULL,NULL,NULL,'2019-11-07',NULL,28,14),(414,NULL,'default',NULL,NULL,NULL,NULL,NULL,'2019-11-30',NULL,28,15),(415,'en','default','<p>gjfkj</p>',NULL,NULL,NULL,NULL,NULL,NULL,30,9),(416,'en','default','<p>cfgg</p>',NULL,NULL,NULL,NULL,NULL,NULL,30,10),(417,NULL,NULL,'product-three',NULL,NULL,NULL,NULL,NULL,NULL,30,1),(418,'en','default','product-03',NULL,NULL,NULL,NULL,NULL,NULL,30,2),(419,NULL,NULL,'product-03',NULL,NULL,NULL,NULL,NULL,NULL,30,3),(420,NULL,'default',NULL,NULL,0,NULL,NULL,NULL,NULL,30,4),(421,NULL,NULL,NULL,0,NULL,NULL,NULL,NULL,NULL,30,5),(422,NULL,NULL,NULL,0,NULL,NULL,NULL,NULL,NULL,30,6),(423,NULL,NULL,NULL,1,NULL,NULL,NULL,NULL,NULL,30,7),(424,NULL,NULL,NULL,1,NULL,NULL,NULL,NULL,NULL,30,8),(425,NULL,NULL,NULL,NULL,4,NULL,NULL,NULL,NULL,30,23),(426,NULL,NULL,NULL,NULL,9,NULL,NULL,NULL,NULL,30,24),(427,'en','default','',NULL,NULL,NULL,NULL,NULL,NULL,30,16),(428,'en','default','',NULL,NULL,NULL,NULL,NULL,NULL,30,17),(429,'en','default','',NULL,NULL,NULL,NULL,NULL,NULL,30,18),(430,NULL,NULL,NULL,NULL,NULL,1000,NULL,NULL,NULL,30,11),(431,NULL,'default',NULL,NULL,NULL,0,NULL,NULL,NULL,30,12),(432,NULL,NULL,NULL,NULL,NULL,0,NULL,NULL,NULL,30,13),(433,NULL,NULL,'',NULL,NULL,NULL,NULL,NULL,NULL,30,19),(434,NULL,NULL,'',NULL,NULL,NULL,NULL,NULL,NULL,30,20),(435,NULL,NULL,'',NULL,NULL,NULL,NULL,NULL,NULL,30,21),(436,NULL,NULL,'0.1',NULL,NULL,NULL,NULL,NULL,NULL,30,22),(437,'en','default','<p>cdffkglfklg</p>',NULL,NULL,NULL,NULL,NULL,NULL,31,9),(438,'en','default','<p>dkflfkdl</p>',NULL,NULL,NULL,NULL,NULL,NULL,31,10),(439,NULL,NULL,'product-four',NULL,NULL,NULL,NULL,NULL,NULL,31,1),(440,'en','default','product-04',NULL,NULL,NULL,NULL,NULL,NULL,31,2),(441,NULL,NULL,'product-04',NULL,NULL,NULL,NULL,NULL,NULL,31,3),(442,NULL,'default',NULL,NULL,0,NULL,NULL,NULL,NULL,31,4),(443,NULL,NULL,NULL,0,NULL,NULL,NULL,NULL,NULL,31,5),(444,NULL,NULL,NULL,0,NULL,NULL,NULL,NULL,NULL,31,6),(445,NULL,NULL,NULL,1,NULL,NULL,NULL,NULL,NULL,31,7),(446,NULL,NULL,NULL,1,NULL,NULL,NULL,NULL,NULL,31,8),(447,NULL,NULL,NULL,NULL,3,NULL,NULL,NULL,NULL,31,23),(448,NULL,NULL,NULL,NULL,7,NULL,NULL,NULL,NULL,31,24),(449,'en','default','',NULL,NULL,NULL,NULL,NULL,NULL,31,16),(450,'en','default','',NULL,NULL,NULL,NULL,NULL,NULL,31,17),(451,'en','default','',NULL,NULL,NULL,NULL,NULL,NULL,31,18),(452,NULL,NULL,NULL,NULL,NULL,2600,NULL,NULL,NULL,31,11),(453,NULL,'default',NULL,NULL,NULL,0,NULL,NULL,NULL,31,12),(454,NULL,NULL,NULL,NULL,NULL,0,NULL,NULL,NULL,31,13),(455,NULL,NULL,'',NULL,NULL,NULL,NULL,NULL,NULL,31,19),(456,NULL,NULL,'',NULL,NULL,NULL,NULL,NULL,NULL,31,20),(457,NULL,NULL,'',NULL,NULL,NULL,NULL,NULL,NULL,31,21),(458,NULL,NULL,'0.1',NULL,NULL,NULL,NULL,NULL,NULL,31,22),(459,'en','default','<p>fdf</p>',NULL,NULL,NULL,NULL,NULL,NULL,32,9),(460,'en','default','<p>sdsf</p>',NULL,NULL,NULL,NULL,NULL,NULL,32,10),(461,NULL,NULL,'product-five',NULL,NULL,NULL,NULL,NULL,NULL,32,1),(462,'en','default','product-05',NULL,NULL,NULL,NULL,NULL,NULL,32,2),(463,NULL,NULL,'product-05',NULL,NULL,NULL,NULL,NULL,NULL,32,3),(464,NULL,'default',NULL,NULL,0,NULL,NULL,NULL,NULL,32,4),(465,NULL,NULL,NULL,0,NULL,NULL,NULL,NULL,NULL,32,5),(466,NULL,NULL,NULL,0,NULL,NULL,NULL,NULL,NULL,32,6),(467,NULL,NULL,NULL,1,NULL,NULL,NULL,NULL,NULL,32,7),(468,NULL,NULL,NULL,1,NULL,NULL,NULL,NULL,NULL,32,8),(469,NULL,NULL,NULL,NULL,4,NULL,NULL,NULL,NULL,32,23),(470,NULL,NULL,NULL,NULL,7,NULL,NULL,NULL,NULL,32,24),(471,'en','default','',NULL,NULL,NULL,NULL,NULL,NULL,32,16),(472,'en','default','',NULL,NULL,NULL,NULL,NULL,NULL,32,17),(473,'en','default','',NULL,NULL,NULL,NULL,NULL,NULL,32,18),(474,NULL,NULL,NULL,NULL,NULL,135.05,NULL,NULL,NULL,32,11),(475,NULL,'default',NULL,NULL,NULL,0,NULL,NULL,NULL,32,12),(476,NULL,NULL,NULL,NULL,NULL,0,NULL,NULL,NULL,32,13),(477,NULL,NULL,'',NULL,NULL,NULL,NULL,NULL,NULL,32,19),(478,NULL,NULL,'',NULL,NULL,NULL,NULL,NULL,NULL,32,20),(479,NULL,NULL,'',NULL,NULL,NULL,NULL,NULL,NULL,32,21),(480,NULL,NULL,'1',NULL,NULL,NULL,NULL,NULL,NULL,32,22),(481,'en','default','<p>xcdcx</p>',NULL,NULL,NULL,NULL,NULL,NULL,33,9),(482,'en','default','<p>ddfdf</p>',NULL,NULL,NULL,NULL,NULL,NULL,33,10),(483,NULL,NULL,'product-six',NULL,NULL,NULL,NULL,NULL,NULL,33,1),(484,'en','default','product-06',NULL,NULL,NULL,NULL,NULL,NULL,33,2),(485,NULL,NULL,'product-06',NULL,NULL,NULL,NULL,NULL,NULL,33,3),(486,NULL,'default',NULL,NULL,0,NULL,NULL,NULL,NULL,33,4),(487,NULL,NULL,NULL,0,NULL,NULL,NULL,NULL,NULL,33,5),(488,NULL,NULL,NULL,0,NULL,NULL,NULL,NULL,NULL,33,6),(489,NULL,NULL,NULL,1,NULL,NULL,NULL,NULL,NULL,33,7),(490,NULL,NULL,NULL,1,NULL,NULL,NULL,NULL,NULL,33,8),(491,NULL,NULL,NULL,NULL,5,NULL,NULL,NULL,NULL,33,23),(492,NULL,NULL,NULL,NULL,9,NULL,NULL,NULL,NULL,33,24),(493,'en','default','',NULL,NULL,NULL,NULL,NULL,NULL,33,16),(494,'en','default','',NULL,NULL,NULL,NULL,NULL,NULL,33,17),(495,'en','default','',NULL,NULL,NULL,NULL,NULL,NULL,33,18),(496,NULL,NULL,NULL,NULL,NULL,1200,NULL,NULL,NULL,33,11),(497,NULL,'default',NULL,NULL,NULL,0,NULL,NULL,NULL,33,12),(498,NULL,NULL,NULL,NULL,NULL,0,NULL,NULL,NULL,33,13),(499,NULL,NULL,'',NULL,NULL,NULL,NULL,NULL,NULL,33,19),(500,NULL,NULL,'',NULL,NULL,NULL,NULL,NULL,NULL,33,20),(501,NULL,NULL,'',NULL,NULL,NULL,NULL,NULL,NULL,33,21),(502,NULL,NULL,'0.1',NULL,NULL,NULL,NULL,NULL,NULL,33,22),(503,'en','default','<p>dffklkl</p>',NULL,NULL,NULL,NULL,NULL,NULL,34,9),(504,'en','default','<p>fdgklgl</p>',NULL,NULL,NULL,NULL,NULL,NULL,34,10),(505,NULL,NULL,'product-seven',NULL,NULL,NULL,NULL,NULL,NULL,34,1),(506,'en','default','product-07',NULL,NULL,NULL,NULL,NULL,NULL,34,2),(507,NULL,NULL,'product-07',NULL,NULL,NULL,NULL,NULL,NULL,34,3),(508,NULL,'default',NULL,NULL,0,NULL,NULL,NULL,NULL,34,4),(509,NULL,NULL,NULL,0,NULL,NULL,NULL,NULL,NULL,34,5),(510,NULL,NULL,NULL,0,NULL,NULL,NULL,NULL,NULL,34,6),(511,NULL,NULL,NULL,1,NULL,NULL,NULL,NULL,NULL,34,7),(512,NULL,NULL,NULL,1,NULL,NULL,NULL,NULL,NULL,34,8),(513,NULL,NULL,NULL,NULL,3,NULL,NULL,NULL,NULL,34,23),(514,NULL,NULL,NULL,NULL,7,NULL,NULL,NULL,NULL,34,24),(515,'en','default','',NULL,NULL,NULL,NULL,NULL,NULL,34,16),(516,'en','default','',NULL,NULL,NULL,NULL,NULL,NULL,34,17),(517,'en','default','',NULL,NULL,NULL,NULL,NULL,NULL,34,18),(518,NULL,NULL,NULL,NULL,NULL,100,NULL,NULL,NULL,34,11),(519,NULL,'default',NULL,NULL,NULL,0,NULL,NULL,NULL,34,12),(520,NULL,NULL,NULL,NULL,NULL,0,NULL,NULL,NULL,34,13),(521,NULL,NULL,'',NULL,NULL,NULL,NULL,NULL,NULL,34,19),(522,NULL,NULL,'',NULL,NULL,NULL,NULL,NULL,NULL,34,20),(523,NULL,NULL,'',NULL,NULL,NULL,NULL,NULL,NULL,34,21),(524,NULL,NULL,'1',NULL,NULL,NULL,NULL,NULL,NULL,34,22),(525,'en','default','<p>gfklfkghl</p>',NULL,NULL,NULL,NULL,NULL,NULL,35,9),(526,'en','default','<p>egff;l</p>',NULL,NULL,NULL,NULL,NULL,NULL,35,10),(527,NULL,NULL,'product-eight',NULL,NULL,NULL,NULL,NULL,NULL,35,1),(528,'en','default','product-08',NULL,NULL,NULL,NULL,NULL,NULL,35,2),(529,NULL,NULL,'product-08',NULL,NULL,NULL,NULL,NULL,NULL,35,3),(530,NULL,'default',NULL,NULL,0,NULL,NULL,NULL,NULL,35,4),(531,NULL,NULL,NULL,0,NULL,NULL,NULL,NULL,NULL,35,5),(532,NULL,NULL,NULL,0,NULL,NULL,NULL,NULL,NULL,35,6),(533,NULL,NULL,NULL,0,NULL,NULL,NULL,NULL,NULL,35,7),(534,NULL,NULL,NULL,1,NULL,NULL,NULL,NULL,NULL,35,8),(535,NULL,NULL,NULL,NULL,1,NULL,NULL,NULL,NULL,35,23),(536,NULL,NULL,NULL,NULL,6,NULL,NULL,NULL,NULL,35,24),(537,'en','default','',NULL,NULL,NULL,NULL,NULL,NULL,35,16),(538,'en','default','',NULL,NULL,NULL,NULL,NULL,NULL,35,17),(539,'en','default','',NULL,NULL,NULL,NULL,NULL,NULL,35,18),(540,NULL,NULL,NULL,NULL,NULL,1890,NULL,NULL,NULL,35,11),(541,NULL,'default',NULL,NULL,NULL,0,NULL,NULL,NULL,35,12),(542,NULL,NULL,NULL,NULL,NULL,0,NULL,NULL,NULL,35,13),(543,NULL,NULL,'',NULL,NULL,NULL,NULL,NULL,NULL,35,19),(544,NULL,NULL,'',NULL,NULL,NULL,NULL,NULL,NULL,35,20),(545,NULL,NULL,'',NULL,NULL,NULL,NULL,NULL,NULL,35,21),(546,NULL,NULL,'0.1',NULL,NULL,NULL,NULL,NULL,NULL,35,22),(547,'en','default','<p>fgfgfgf</p>',NULL,NULL,NULL,NULL,NULL,NULL,36,9),(548,'en','default','<p>dff</p>',NULL,NULL,NULL,NULL,NULL,NULL,36,10),(549,NULL,NULL,'product-nine',NULL,NULL,NULL,NULL,NULL,NULL,36,1),(550,'en','default','product-09',NULL,NULL,NULL,NULL,NULL,NULL,36,2),(551,NULL,NULL,'product-09',NULL,NULL,NULL,NULL,NULL,NULL,36,3),(552,NULL,'default',NULL,NULL,0,NULL,NULL,NULL,NULL,36,4),(553,NULL,NULL,NULL,1,NULL,NULL,NULL,NULL,NULL,36,5),(554,NULL,NULL,NULL,0,NULL,NULL,NULL,NULL,NULL,36,6),(555,NULL,NULL,NULL,1,NULL,NULL,NULL,NULL,NULL,36,7),(556,NULL,NULL,NULL,1,NULL,NULL,NULL,NULL,NULL,36,8),(557,NULL,NULL,NULL,NULL,5,NULL,NULL,NULL,NULL,36,23),(558,NULL,NULL,NULL,NULL,8,NULL,NULL,NULL,NULL,36,24),(559,'en','default','',NULL,NULL,NULL,NULL,NULL,NULL,36,16),(560,'en','default','',NULL,NULL,NULL,NULL,NULL,NULL,36,17),(561,'en','default','',NULL,NULL,NULL,NULL,NULL,NULL,36,18),(562,NULL,NULL,NULL,NULL,NULL,1200,NULL,NULL,NULL,36,11),(563,NULL,'default',NULL,NULL,NULL,0,NULL,NULL,NULL,36,12),(564,NULL,NULL,NULL,NULL,NULL,0,NULL,NULL,NULL,36,13),(565,NULL,NULL,'',NULL,NULL,NULL,NULL,NULL,NULL,36,19),(566,NULL,NULL,'',NULL,NULL,NULL,NULL,NULL,NULL,36,20),(567,NULL,NULL,'',NULL,NULL,NULL,NULL,NULL,NULL,36,21),(568,NULL,NULL,'0.1',NULL,NULL,NULL,NULL,NULL,NULL,36,22),(569,'en','default','<p>cvcvcvcv</p>',NULL,NULL,NULL,NULL,NULL,NULL,37,9),(570,'en','default','<p>dfdfdf</p>',NULL,NULL,NULL,NULL,NULL,NULL,37,10),(571,NULL,NULL,'product-ten',NULL,NULL,NULL,NULL,NULL,NULL,37,1),(572,'en','default','product-10',NULL,NULL,NULL,NULL,NULL,NULL,37,2),(573,NULL,NULL,'product-10',NULL,NULL,NULL,NULL,NULL,NULL,37,3),(574,NULL,'default',NULL,NULL,0,NULL,NULL,NULL,NULL,37,4),(575,NULL,NULL,NULL,0,NULL,NULL,NULL,NULL,NULL,37,5),(576,NULL,NULL,NULL,0,NULL,NULL,NULL,NULL,NULL,37,6),(577,NULL,NULL,NULL,1,NULL,NULL,NULL,NULL,NULL,37,7),(578,NULL,NULL,NULL,1,NULL,NULL,NULL,NULL,NULL,37,8),(579,NULL,NULL,NULL,NULL,5,NULL,NULL,NULL,NULL,37,23),(580,NULL,NULL,NULL,NULL,7,NULL,NULL,NULL,NULL,37,24),(581,'en','default','',NULL,NULL,NULL,NULL,NULL,NULL,37,16),(582,'en','default','',NULL,NULL,NULL,NULL,NULL,NULL,37,17),(583,'en','default','',NULL,NULL,NULL,NULL,NULL,NULL,37,18),(584,NULL,NULL,NULL,NULL,NULL,1345,NULL,NULL,NULL,37,11),(585,NULL,'default',NULL,NULL,NULL,0,NULL,NULL,NULL,37,12),(586,NULL,NULL,NULL,NULL,NULL,0,NULL,NULL,NULL,37,13),(587,NULL,NULL,'',NULL,NULL,NULL,NULL,NULL,NULL,37,19),(588,NULL,NULL,'',NULL,NULL,NULL,NULL,NULL,NULL,37,20),(589,NULL,NULL,'',NULL,NULL,NULL,NULL,NULL,NULL,37,21),(590,NULL,NULL,'0.1',NULL,NULL,NULL,NULL,NULL,NULL,37,22),(591,'en','default','<p>ddfdf</p>',NULL,NULL,NULL,NULL,NULL,NULL,38,9),(592,'en','default','<p>dfdfd</p>',NULL,NULL,NULL,NULL,NULL,NULL,38,10),(593,NULL,NULL,'product-eleven',NULL,NULL,NULL,NULL,NULL,NULL,38,1),(594,'en','default','product-11',NULL,NULL,NULL,NULL,NULL,NULL,38,2),(595,NULL,NULL,'product-11',NULL,NULL,NULL,NULL,NULL,NULL,38,3),(596,NULL,'default',NULL,NULL,0,NULL,NULL,NULL,NULL,38,4),(597,NULL,NULL,NULL,0,NULL,NULL,NULL,NULL,NULL,38,5),(598,NULL,NULL,NULL,0,NULL,NULL,NULL,NULL,NULL,38,6),(599,NULL,NULL,NULL,1,NULL,NULL,NULL,NULL,NULL,38,7),(600,NULL,NULL,NULL,1,NULL,NULL,NULL,NULL,NULL,38,8),(601,NULL,NULL,NULL,NULL,1,NULL,NULL,NULL,NULL,38,23),(602,NULL,NULL,NULL,NULL,6,NULL,NULL,NULL,NULL,38,24),(603,'en','default','',NULL,NULL,NULL,NULL,NULL,NULL,38,16),(604,'en','default','',NULL,NULL,NULL,NULL,NULL,NULL,38,17),(605,'en','default','',NULL,NULL,NULL,NULL,NULL,NULL,38,18),(606,NULL,NULL,NULL,NULL,NULL,1411.11,NULL,NULL,NULL,38,11),(607,NULL,'default',NULL,NULL,NULL,0,NULL,NULL,NULL,38,12),(608,NULL,NULL,NULL,NULL,NULL,0,NULL,NULL,NULL,38,13),(609,NULL,NULL,'',NULL,NULL,NULL,NULL,NULL,NULL,38,19),(610,NULL,NULL,'',NULL,NULL,NULL,NULL,NULL,NULL,38,20),(611,NULL,NULL,'',NULL,NULL,NULL,NULL,NULL,NULL,38,21),(612,NULL,NULL,'0.1',NULL,NULL,NULL,NULL,NULL,NULL,38,22),(613,NULL,NULL,'configurable-01-variant-1-6',NULL,NULL,NULL,NULL,NULL,NULL,41,1),(614,'en','default','configurable-01-variant-1-6',NULL,NULL,NULL,NULL,NULL,NULL,41,2),(615,NULL,NULL,NULL,NULL,NULL,1100,NULL,NULL,NULL,41,11),(616,NULL,NULL,'0.1',NULL,NULL,NULL,NULL,NULL,NULL,41,22),(617,NULL,NULL,NULL,1,NULL,NULL,NULL,NULL,NULL,41,8),(618,NULL,NULL,NULL,NULL,1,NULL,NULL,NULL,NULL,41,23),(619,NULL,NULL,NULL,NULL,6,NULL,NULL,NULL,NULL,41,24),(620,NULL,NULL,'configurable-01-variant-2-6',NULL,NULL,NULL,NULL,NULL,NULL,42,1),(621,'en','default','configurable-01-variant-2-6',NULL,NULL,NULL,NULL,NULL,NULL,42,2),(622,NULL,NULL,NULL,NULL,NULL,1100,NULL,NULL,NULL,42,11),(623,NULL,NULL,'0.1',NULL,NULL,NULL,NULL,NULL,NULL,42,22),(624,NULL,NULL,NULL,1,NULL,NULL,NULL,NULL,NULL,42,8),(625,NULL,NULL,NULL,NULL,2,NULL,NULL,NULL,NULL,42,23),(626,NULL,NULL,NULL,NULL,6,NULL,NULL,NULL,NULL,42,24),(627,'en','default','<p>dfklfkl</p>',NULL,NULL,NULL,NULL,NULL,NULL,40,9),(628,'en','default','<p>dfkdlfdkl</p>',NULL,NULL,NULL,NULL,NULL,NULL,40,10),(629,NULL,NULL,'configurable-01',NULL,NULL,NULL,NULL,NULL,NULL,40,1),(630,'en','default','configurable-01',NULL,NULL,NULL,NULL,NULL,NULL,40,2),(631,NULL,NULL,'configurable-01',NULL,NULL,NULL,NULL,NULL,NULL,40,3),(632,NULL,'default',NULL,NULL,0,NULL,NULL,NULL,NULL,40,4),(633,NULL,NULL,NULL,1,NULL,NULL,NULL,NULL,NULL,40,5),(634,NULL,NULL,NULL,1,NULL,NULL,NULL,NULL,NULL,40,6),(635,NULL,NULL,NULL,1,NULL,NULL,NULL,NULL,NULL,40,7),(636,NULL,NULL,NULL,1,NULL,NULL,NULL,NULL,NULL,40,8),(637,'en','default','',NULL,NULL,NULL,NULL,NULL,NULL,40,16),(638,'en','default','',NULL,NULL,NULL,NULL,NULL,NULL,40,17),(639,'en','default','',NULL,NULL,NULL,NULL,NULL,NULL,40,18),(640,'en','default','<p>dff;lf</p>',NULL,NULL,NULL,NULL,NULL,NULL,41,9),(641,'en','default','<p>dffkl</p>',NULL,NULL,NULL,NULL,NULL,NULL,41,10),(642,NULL,NULL,'configurable-01-variant-1-6',NULL,NULL,NULL,NULL,NULL,NULL,41,3),(643,NULL,'default',NULL,NULL,0,NULL,NULL,NULL,NULL,41,4),(644,NULL,NULL,NULL,0,NULL,NULL,NULL,NULL,NULL,41,5),(645,NULL,NULL,NULL,0,NULL,NULL,NULL,NULL,NULL,41,6),(646,NULL,NULL,NULL,0,NULL,NULL,NULL,NULL,NULL,41,7),(647,'en','default','',NULL,NULL,NULL,NULL,NULL,NULL,41,16),(648,'en','default','',NULL,NULL,NULL,NULL,NULL,NULL,41,17),(649,'en','default','',NULL,NULL,NULL,NULL,NULL,NULL,41,18),(650,NULL,'default',NULL,NULL,NULL,0,NULL,NULL,NULL,41,12),(651,NULL,NULL,NULL,NULL,NULL,0,NULL,NULL,NULL,41,13),(652,NULL,NULL,'',NULL,NULL,NULL,NULL,NULL,NULL,41,19),(653,NULL,NULL,'',NULL,NULL,NULL,NULL,NULL,NULL,41,20),(654,NULL,NULL,'',NULL,NULL,NULL,NULL,NULL,NULL,41,21),(655,NULL,NULL,NULL,NULL,10,NULL,NULL,NULL,NULL,40,25);
/*!40000 ALTER TABLE `product_attribute_values` ENABLE KEYS */;
UNLOCK TABLES;

--
-- Table structure for table `product_categories`
--

DROP TABLE IF EXISTS `product_categories`;
/*!40101 SET @saved_cs_client     = @@character_set_client */;
/*!40101 SET character_set_client = utf8 */;
CREATE TABLE `product_categories` (
  `product_id` int(10) unsigned NOT NULL,
  `category_id` int(10) unsigned NOT NULL,
  KEY `product_categories_product_id_foreign` (`product_id`),
  KEY `product_categories_category_id_foreign` (`category_id`),
  CONSTRAINT `product_categories_category_id_foreign` FOREIGN KEY (`category_id`) REFERENCES `categories` (`id`) ON DELETE CASCADE,
  CONSTRAINT `product_categories_product_id_foreign` FOREIGN KEY (`product_id`) REFERENCES `products` (`id`) ON DELETE CASCADE
) ENGINE=InnoDB DEFAULT CHARSET=utf8mb4 COLLATE=utf8mb4_unicode_ci ROW_FORMAT=DYNAMIC;
/*!40101 SET character_set_client = @saved_cs_client */;

--
-- Dumping data for table `product_categories`
--

LOCK TABLES `product_categories` WRITE;
/*!40000 ALTER TABLE `product_categories` DISABLE KEYS */;
INSERT INTO `product_categories` VALUES (28,12),(29,12),(30,12),(31,12),(32,12),(33,12),(34,12),(35,12),(36,12),(37,12),(38,12),(41,12),(40,12);
/*!40000 ALTER TABLE `product_categories` ENABLE KEYS */;
UNLOCK TABLES;

--
-- Table structure for table `product_cross_sells`
--

DROP TABLE IF EXISTS `product_cross_sells`;
/*!40101 SET @saved_cs_client     = @@character_set_client */;
/*!40101 SET character_set_client = utf8 */;
CREATE TABLE `product_cross_sells` (
  `parent_id` int(10) unsigned NOT NULL,
  `child_id` int(10) unsigned NOT NULL,
  KEY `product_cross_sells_parent_id_foreign` (`parent_id`),
  KEY `product_cross_sells_child_id_foreign` (`child_id`),
  CONSTRAINT `product_cross_sells_child_id_foreign` FOREIGN KEY (`child_id`) REFERENCES `products` (`id`) ON DELETE CASCADE,
  CONSTRAINT `product_cross_sells_parent_id_foreign` FOREIGN KEY (`parent_id`) REFERENCES `products` (`id`) ON DELETE CASCADE
) ENGINE=InnoDB DEFAULT CHARSET=utf8mb4 COLLATE=utf8mb4_unicode_ci ROW_FORMAT=DYNAMIC;
/*!40101 SET character_set_client = @saved_cs_client */;

--
-- Dumping data for table `product_cross_sells`
--

LOCK TABLES `product_cross_sells` WRITE;
/*!40000 ALTER TABLE `product_cross_sells` DISABLE KEYS */;
INSERT INTO `product_cross_sells` VALUES (31,29);
/*!40000 ALTER TABLE `product_cross_sells` ENABLE KEYS */;
UNLOCK TABLES;

--
-- Table structure for table `product_flat`
--

DROP TABLE IF EXISTS `product_flat`;
/*!40101 SET @saved_cs_client     = @@character_set_client */;
/*!40101 SET character_set_client = utf8 */;
CREATE TABLE `product_flat` (
  `id` int(10) unsigned NOT NULL AUTO_INCREMENT,
  `sku` varchar(191) COLLATE utf8mb4_unicode_ci NOT NULL,
  `name` varchar(191) COLLATE utf8mb4_unicode_ci DEFAULT NULL,
  `description` text COLLATE utf8mb4_unicode_ci,
  `url_key` varchar(191) COLLATE utf8mb4_unicode_ci DEFAULT NULL,
  `new` tinyint(1) DEFAULT NULL,
  `featured` tinyint(1) DEFAULT NULL,
  `status` tinyint(1) DEFAULT NULL,
  `thumbnail` varchar(191) COLLATE utf8mb4_unicode_ci DEFAULT NULL,
  `price` decimal(12,4) DEFAULT NULL,
  `cost` decimal(12,4) DEFAULT NULL,
  `special_price` decimal(12,4) DEFAULT NULL,
  `special_price_from` date DEFAULT NULL,
  `special_price_to` date DEFAULT NULL,
  `weight` decimal(12,4) DEFAULT NULL,
  `color` int(11) DEFAULT NULL,
  `color_label` varchar(191) COLLATE utf8mb4_unicode_ci DEFAULT NULL,
  `size` int(11) DEFAULT NULL,
  `size_label` varchar(191) COLLATE utf8mb4_unicode_ci DEFAULT NULL,
  `created_at` datetime DEFAULT NULL,
  `locale` varchar(191) COLLATE utf8mb4_unicode_ci DEFAULT NULL,
  `channel` varchar(191) COLLATE utf8mb4_unicode_ci DEFAULT NULL,
  `product_id` int(10) unsigned NOT NULL,
  `updated_at` datetime DEFAULT NULL,
  `parent_id` int(10) unsigned DEFAULT NULL,
  `visible_individually` tinyint(1) DEFAULT NULL,
  `min_price` decimal(12,4) DEFAULT NULL,
  `max_price` decimal(12,4) DEFAULT NULL,
  `short_description` text COLLATE utf8mb4_unicode_ci,
  `meta_title` text COLLATE utf8mb4_unicode_ci,
  `meta_keywords` text COLLATE utf8mb4_unicode_ci,
  `meta_description` text COLLATE utf8mb4_unicode_ci,
  `width` decimal(12,4) DEFAULT NULL,
  `height` decimal(12,4) DEFAULT NULL,
  `depth` decimal(12,4) DEFAULT NULL,
  PRIMARY KEY (`id`),
  UNIQUE KEY `product_flat_unique_index` (`product_id`,`channel`,`locale`),
  KEY `product_flat_parent_id_foreign` (`parent_id`),
  CONSTRAINT `product_flat_parent_id_foreign` FOREIGN KEY (`parent_id`) REFERENCES `product_flat` (`id`) ON DELETE CASCADE,
  CONSTRAINT `product_flat_product_id_foreign` FOREIGN KEY (`product_id`) REFERENCES `products` (`id`) ON DELETE CASCADE
) ENGINE=InnoDB AUTO_INCREMENT=43 DEFAULT CHARSET=utf8mb4 COLLATE=utf8mb4_unicode_ci ROW_FORMAT=DYNAMIC;
/*!40101 SET character_set_client = @saved_cs_client */;

--
-- Dumping data for table `product_flat`
--

LOCK TABLES `product_flat` WRITE;
/*!40000 ALTER TABLE `product_flat` DISABLE KEYS */;
INSERT INTO `product_flat` VALUES (28,'product-one','Product 01','<p><span style=\"color: #222222; font-family: \'dejavu sans mono\', monospace; font-size: 11px; white-space: pre-wrap;\">details</span></p>','product-one',0,0,1,NULL,1550.0000,700.0000,0.0000,'2019-11-07','2019-11-30',0.1000,2,'Green',6,'S','2019-11-23 20:32:43','en','default',28,'2019-11-23 20:32:43',NULL,1,1550.0000,1550.0000,'<p><span style=\"color: #222222; font-family: \'dejavu sans mono\', monospace; font-size: 11px; white-space: pre-wrap;\">details</span></p>','','','',0.0000,0.0000,0.0000),(29,'product-two','product-02','<p><span style=\"color: #222222; font-family: \'dejavu sans mono\', monospace; font-size: 11px; white-space: pre-wrap;\">details</span></p>','product-02',0,0,1,NULL,1600.0000,1300.0000,0.0000,NULL,NULL,0.1000,1,'Red',6,'S','2019-11-23 20:36:59','en','default',29,'2019-11-23 20:36:59',NULL,1,1600.0000,1600.0000,'<p><span style=\"color: #222222; font-family: \'dejavu sans mono\', monospace; font-size: 11px; white-space: pre-wrap;\">details</span></p>','','','',0.0000,0.0000,0.0000),(30,'product-three','product-03','<p>cfgg</p>','product-03',0,0,1,NULL,1000.0000,0.0000,0.0000,NULL,NULL,0.1000,4,'Black',9,'XL','2019-11-23 20:40:33','en','default',30,'2019-11-23 20:40:33',NULL,1,1000.0000,1000.0000,'<p>gjfkj</p>','','','',0.0000,0.0000,0.0000),(31,'product-four','product-04','<p>dkflfkdl</p>','product-04',0,0,1,NULL,2600.0000,0.0000,0.0000,NULL,NULL,0.1000,3,'Yellow',7,'M','2019-11-23 20:44:31','en','default',31,'2019-11-23 20:44:31',NULL,1,2600.0000,2600.0000,'<p>cdffkglfklg</p>','','','',0.0000,0.0000,0.0000),(32,'product-five','product-05','<p>sdsf</p>','product-05',0,0,1,NULL,135.0500,0.0000,0.0000,NULL,NULL,1.0000,4,'Black',7,'M','2019-11-23 20:49:18','en','default',32,'2019-11-23 20:49:18',NULL,1,135.0500,135.0500,'<p>fdf</p>','','','',0.0000,0.0000,0.0000),(33,'product-six','product-06','<p>ddfdf</p>','product-06',0,0,1,NULL,1200.0000,0.0000,0.0000,NULL,NULL,0.1000,5,'White',9,'XL','2019-11-23 20:50:51','en','default',33,'2019-11-23 20:50:51',NULL,1,1200.0000,1200.0000,'<p>xcdcx</p>','','','',0.0000,0.0000,0.0000),(34,'product-seven','product-07','<p>fdgklgl</p>','product-07',0,0,1,NULL,100.0000,0.0000,0.0000,NULL,NULL,1.0000,3,'Yellow',7,'M','2019-11-23 20:53:07','en','default',34,'2019-11-23 20:53:07',NULL,1,100.0000,100.0000,'<p>dffklkl</p>','','','',0.0000,0.0000,0.0000),(35,'product-eight','product-08','<p>egff;l</p>','product-08',0,0,1,NULL,1890.0000,0.0000,0.0000,NULL,NULL,0.1000,1,'Red',6,'S','2019-11-23 20:55:58','en','default',35,'2019-11-23 20:55:58',NULL,0,1890.0000,1890.0000,'<p>gfklfkghl</p>','','','',0.0000,0.0000,0.0000),(36,'product-nine','product-09','<p>dff</p>','product-09',1,0,1,NULL,1200.0000,0.0000,0.0000,NULL,NULL,0.1000,5,'White',8,'L','2019-11-23 22:01:42','en','default',36,'2019-11-23 22:01:42',NULL,1,1200.0000,1200.0000,'<p>fgfgfgf</p>','','','',0.0000,0.0000,0.0000),(37,'product-ten','product-10','<p>dfdfdf</p>','product-10',0,0,1,NULL,1345.0000,0.0000,0.0000,NULL,NULL,0.1000,5,'White',7,'M','2019-11-23 22:03:16','en','default',37,'2019-11-23 22:03:16',NULL,1,1345.0000,1345.0000,'<p>cvcvcvcv</p>','','','',0.0000,0.0000,0.0000),(38,'product-eleven','product-11','<p>dfdfd</p>','product-11',0,0,1,NULL,1411.1100,0.0000,0.0000,NULL,NULL,0.1000,1,'Red',6,'S','2019-11-23 22:07:55','en','default',38,'2019-11-23 22:07:55',NULL,1,1411.1100,1411.1100,'<p>ddfdf</p>','','','',0.0000,0.0000,0.0000),(40,'configurable-01','configurable-01','<p>dfkdlfdkl</p>','configurable-01',1,1,1,NULL,NULL,NULL,NULL,NULL,NULL,NULL,NULL,NULL,NULL,NULL,'2019-11-23 22:24:31','en','default',40,'2019-11-23 22:24:31',NULL,1,1100.0000,1100.0000,'<p>dfklfkl</p>','','','',NULL,NULL,NULL),(41,'configurable-01-variant-1-6','configurable-01-variant-1-6','<p>dffkl</p>','configurable-01-variant-1-6',0,0,1,NULL,1100.0000,0.0000,0.0000,NULL,NULL,0.1000,1,'Red',6,'S','2019-11-23 22:24:31','en','default',41,'2019-11-23 22:24:31',40,0,1100.0000,1100.0000,'<p>dff;lf</p>','','','',0.0000,0.0000,0.0000),(42,'configurable-01-variant-2-6','configurable-01-variant-2-6',NULL,NULL,NULL,NULL,1,NULL,1100.0000,NULL,NULL,NULL,NULL,0.1000,2,'Green',6,'S','2019-11-23 22:24:32','en','default',42,'2019-11-23 22:24:32',40,NULL,1100.0000,1100.0000,NULL,NULL,NULL,NULL,NULL,NULL,NULL);
/*!40000 ALTER TABLE `product_flat` ENABLE KEYS */;
UNLOCK TABLES;

--
-- Table structure for table `product_images`
--

DROP TABLE IF EXISTS `product_images`;
/*!40101 SET @saved_cs_client     = @@character_set_client */;
/*!40101 SET character_set_client = utf8 */;
CREATE TABLE `product_images` (
  `id` int(10) unsigned NOT NULL AUTO_INCREMENT,
  `type` varchar(191) COLLATE utf8mb4_unicode_ci DEFAULT NULL,
  `path` varchar(191) COLLATE utf8mb4_unicode_ci NOT NULL,
  `product_id` int(10) unsigned NOT NULL,
  PRIMARY KEY (`id`),
  KEY `product_images_product_id_foreign` (`product_id`),
  CONSTRAINT `product_images_product_id_foreign` FOREIGN KEY (`product_id`) REFERENCES `products` (`id`) ON DELETE CASCADE
) ENGINE=InnoDB AUTO_INCREMENT=28 DEFAULT CHARSET=utf8mb4 COLLATE=utf8mb4_unicode_ci ROW_FORMAT=DYNAMIC;
/*!40101 SET character_set_client = @saved_cs_client */;

--
-- Dumping data for table `product_images`
--

LOCK TABLES `product_images` WRITE;
/*!40000 ALTER TABLE `product_images` DISABLE KEYS */;
INSERT INTO `product_images` VALUES (12,NULL,'product/28/KLc9upKNkkw78vY3vnmHpZOVgv6zSz1lAW2gZZQR.jpeg',28),(13,NULL,'product/29/nOLpTmXHOORKNFte7K6CIbGxN6PC2GJoXbSOyMZW.jpeg',29),(14,NULL,'product/30/dx3RIVCfZTVQQMHbfMTmwXyNU6XDHMUYc2Trc63H.jpeg',30),(15,NULL,'product/31/RFtxIqQZJ4ZaKsbJsHRyxnyknJQzKsVSK5SuSfoS.jpeg',31),(16,NULL,'product/32/Qx36IJLpBEHkL84iDwbUnRduWdiv93M8VTHu5wBD.jpeg',32),(17,NULL,'product/33/EzsgRbiT5KnOpQMNTGOMm0KLOeO3DXgknhWL5OUJ.jpeg',33),(18,NULL,'product/34/IecJkm9UX3YKMZ95NmMneXcZ86znhVitQ0cRReDc.jpeg',34),(19,NULL,'product/35/47MThoNlaASjtu1Slvn7snxpRlbp3RNLBPEq8H0U.jpeg',35),(20,NULL,'product/36/sMvHCIlU3BDDhFP2gnqJcRY4wFKVCWHWoLXL2JKy.jpeg',36),(21,NULL,'product/37/8p6CBBL0phdvOOyjEh8D0FvoBdY82SbYpYYFoh6z.jpeg',37),(22,NULL,'product/37/Fr3AgMvPxrhuTIm0h9DhJE79jKGLlTulAQQXYBor.jpeg',37),(23,NULL,'product/38/IbbC1I2yMIKbJP8TU1PRI8dZP6vqLaQ4TApQcuR4.jpeg',38),(25,NULL,'product/41/7rUk7Vb0qHxWEUWlSLXSM03lFFoA5DFesnhy7GA2.jpeg',41),(26,NULL,'product/40/Jk60v1oNrS0R47UYsBvb1lPNWWMOFqTqLOthgGOM.jpeg',40),(27,NULL,'product/40/ptXWajm2Yv0SlnDi0cJ4Q5moWHssvN2YSSaetgb9.jpeg',40);
/*!40000 ALTER TABLE `product_images` ENABLE KEYS */;
UNLOCK TABLES;

--
-- Table structure for table `product_inventories`
--

DROP TABLE IF EXISTS `product_inventories`;
/*!40101 SET @saved_cs_client     = @@character_set_client */;
/*!40101 SET character_set_client = utf8 */;
CREATE TABLE `product_inventories` (
  `id` int(10) unsigned NOT NULL AUTO_INCREMENT,
  `qty` int(11) NOT NULL DEFAULT '0',
  `product_id` int(10) unsigned NOT NULL,
  `inventory_source_id` int(10) unsigned NOT NULL,
  `vendor_id` int(11) NOT NULL DEFAULT '0',
  PRIMARY KEY (`id`),
  UNIQUE KEY `product_source_vendor_index_unique` (`product_id`,`inventory_source_id`,`vendor_id`),
  KEY `product_inventories_inventory_source_id_foreign` (`inventory_source_id`),
  CONSTRAINT `product_inventories_inventory_source_id_foreign` FOREIGN KEY (`inventory_source_id`) REFERENCES `inventory_sources` (`id`) ON DELETE CASCADE,
  CONSTRAINT `product_inventories_product_id_foreign` FOREIGN KEY (`product_id`) REFERENCES `products` (`id`) ON DELETE CASCADE
) ENGINE=InnoDB AUTO_INCREMENT=20 DEFAULT CHARSET=utf8mb4 COLLATE=utf8mb4_unicode_ci ROW_FORMAT=DYNAMIC;
/*!40101 SET character_set_client = @saved_cs_client */;

--
-- Dumping data for table `product_inventories`
--

LOCK TABLES `product_inventories` WRITE;
/*!40000 ALTER TABLE `product_inventories` DISABLE KEYS */;
INSERT INTO `product_inventories` VALUES (7,6,28,1,0),(8,20,29,1,0),(9,10,30,1,0),(10,10,31,1,0),(11,10,32,1,0),(12,2,33,1,0),(13,20,34,1,0),(14,20,35,1,0),(15,10,36,1,0),(16,10,37,1,0),(17,10,38,1,0),(18,20,41,1,0),(19,20,42,1,0);
/*!40000 ALTER TABLE `product_inventories` ENABLE KEYS */;
UNLOCK TABLES;

--
-- Table structure for table `product_ordered_inventories`
--

DROP TABLE IF EXISTS `product_ordered_inventories`;
/*!40101 SET @saved_cs_client     = @@character_set_client */;
/*!40101 SET character_set_client = utf8 */;
CREATE TABLE `product_ordered_inventories` (
  `id` int(10) unsigned NOT NULL AUTO_INCREMENT,
  `qty` int(11) NOT NULL DEFAULT '0',
  `product_id` int(10) unsigned NOT NULL,
  `channel_id` int(10) unsigned NOT NULL,
  PRIMARY KEY (`id`),
  UNIQUE KEY `product_ordered_inventories_product_id_channel_id_unique` (`product_id`,`channel_id`),
  KEY `product_ordered_inventories_channel_id_foreign` (`channel_id`),
  CONSTRAINT `product_ordered_inventories_channel_id_foreign` FOREIGN KEY (`channel_id`) REFERENCES `channels` (`id`) ON DELETE CASCADE,
  CONSTRAINT `product_ordered_inventories_product_id_foreign` FOREIGN KEY (`product_id`) REFERENCES `products` (`id`) ON DELETE CASCADE
) ENGINE=InnoDB AUTO_INCREMENT=2 DEFAULT CHARSET=utf8mb4 COLLATE=utf8mb4_unicode_ci ROW_FORMAT=DYNAMIC;
/*!40101 SET character_set_client = @saved_cs_client */;

--
-- Dumping data for table `product_ordered_inventories`
--

LOCK TABLES `product_ordered_inventories` WRITE;
/*!40000 ALTER TABLE `product_ordered_inventories` DISABLE KEYS */;
INSERT INTO `product_ordered_inventories` VALUES (1,3,32,1);
/*!40000 ALTER TABLE `product_ordered_inventories` ENABLE KEYS */;
UNLOCK TABLES;

--
-- Table structure for table `product_relations`
--

DROP TABLE IF EXISTS `product_relations`;
/*!40101 SET @saved_cs_client     = @@character_set_client */;
/*!40101 SET character_set_client = utf8 */;
CREATE TABLE `product_relations` (
  `parent_id` int(10) unsigned NOT NULL,
  `child_id` int(10) unsigned NOT NULL,
  KEY `product_relations_parent_id_foreign` (`parent_id`),
  KEY `product_relations_child_id_foreign` (`child_id`),
  CONSTRAINT `product_relations_child_id_foreign` FOREIGN KEY (`child_id`) REFERENCES `products` (`id`) ON DELETE CASCADE,
  CONSTRAINT `product_relations_parent_id_foreign` FOREIGN KEY (`parent_id`) REFERENCES `products` (`id`) ON DELETE CASCADE
) ENGINE=InnoDB DEFAULT CHARSET=utf8mb4 COLLATE=utf8mb4_unicode_ci ROW_FORMAT=DYNAMIC;
/*!40101 SET character_set_client = @saved_cs_client */;

--
-- Dumping data for table `product_relations`
--

LOCK TABLES `product_relations` WRITE;
/*!40000 ALTER TABLE `product_relations` DISABLE KEYS */;
INSERT INTO `product_relations` VALUES (31,28);
/*!40000 ALTER TABLE `product_relations` ENABLE KEYS */;
UNLOCK TABLES;

--
-- Table structure for table `product_reviews`
--

DROP TABLE IF EXISTS `product_reviews`;
/*!40101 SET @saved_cs_client     = @@character_set_client */;
/*!40101 SET character_set_client = utf8 */;
CREATE TABLE `product_reviews` (
  `id` int(10) unsigned NOT NULL AUTO_INCREMENT,
  `title` varchar(191) COLLATE utf8mb4_unicode_ci NOT NULL,
  `rating` int(11) NOT NULL,
  `comment` text COLLATE utf8mb4_unicode_ci,
  `status` varchar(191) COLLATE utf8mb4_unicode_ci NOT NULL,
  `created_at` timestamp NULL DEFAULT NULL,
  `updated_at` timestamp NULL DEFAULT NULL,
  `product_id` int(10) unsigned NOT NULL,
  `customer_id` int(11) DEFAULT NULL,
  `name` varchar(191) COLLATE utf8mb4_unicode_ci NOT NULL DEFAULT '',
  PRIMARY KEY (`id`),
  KEY `product_reviews_product_id_foreign` (`product_id`),
  KEY `product_reviews_customer_id_foreign` (`customer_id`),
  CONSTRAINT `product_reviews_product_id_foreign` FOREIGN KEY (`product_id`) REFERENCES `products` (`id`) ON DELETE CASCADE
) ENGINE=InnoDB DEFAULT CHARSET=utf8mb4 COLLATE=utf8mb4_unicode_ci ROW_FORMAT=DYNAMIC;
/*!40101 SET character_set_client = @saved_cs_client */;

--
-- Dumping data for table `product_reviews`
--

LOCK TABLES `product_reviews` WRITE;
/*!40000 ALTER TABLE `product_reviews` DISABLE KEYS */;
/*!40000 ALTER TABLE `product_reviews` ENABLE KEYS */;
UNLOCK TABLES;

--
-- Table structure for table `product_super_attributes`
--

DROP TABLE IF EXISTS `product_super_attributes`;
/*!40101 SET @saved_cs_client     = @@character_set_client */;
/*!40101 SET character_set_client = utf8 */;
CREATE TABLE `product_super_attributes` (
  `product_id` int(10) unsigned NOT NULL,
  `attribute_id` int(10) unsigned NOT NULL,
  KEY `product_super_attributes_product_id_foreign` (`product_id`),
  KEY `product_super_attributes_attribute_id_foreign` (`attribute_id`),
  CONSTRAINT `product_super_attributes_attribute_id_foreign` FOREIGN KEY (`attribute_id`) REFERENCES `attributes` (`id`),
  CONSTRAINT `product_super_attributes_product_id_foreign` FOREIGN KEY (`product_id`) REFERENCES `products` (`id`) ON DELETE CASCADE
) ENGINE=InnoDB DEFAULT CHARSET=utf8mb4 COLLATE=utf8mb4_unicode_ci ROW_FORMAT=DYNAMIC;
/*!40101 SET character_set_client = @saved_cs_client */;

--
-- Dumping data for table `product_super_attributes`
--

LOCK TABLES `product_super_attributes` WRITE;
/*!40000 ALTER TABLE `product_super_attributes` DISABLE KEYS */;
INSERT INTO `product_super_attributes` VALUES (40,23),(40,24);
/*!40000 ALTER TABLE `product_super_attributes` ENABLE KEYS */;
UNLOCK TABLES;

--
-- Table structure for table `product_up_sells`
--

DROP TABLE IF EXISTS `product_up_sells`;
/*!40101 SET @saved_cs_client     = @@character_set_client */;
/*!40101 SET character_set_client = utf8 */;
CREATE TABLE `product_up_sells` (
  `parent_id` int(10) unsigned NOT NULL,
  `child_id` int(10) unsigned NOT NULL,
  KEY `product_up_sells_parent_id_foreign` (`parent_id`),
  KEY `product_up_sells_child_id_foreign` (`child_id`),
  CONSTRAINT `product_up_sells_child_id_foreign` FOREIGN KEY (`child_id`) REFERENCES `products` (`id`) ON DELETE CASCADE,
  CONSTRAINT `product_up_sells_parent_id_foreign` FOREIGN KEY (`parent_id`) REFERENCES `products` (`id`) ON DELETE CASCADE
) ENGINE=InnoDB DEFAULT CHARSET=utf8mb4 COLLATE=utf8mb4_unicode_ci ROW_FORMAT=DYNAMIC;
/*!40101 SET character_set_client = @saved_cs_client */;

--
-- Dumping data for table `product_up_sells`
--

LOCK TABLES `product_up_sells` WRITE;
/*!40000 ALTER TABLE `product_up_sells` DISABLE KEYS */;
INSERT INTO `product_up_sells` VALUES (31,30);
/*!40000 ALTER TABLE `product_up_sells` ENABLE KEYS */;
UNLOCK TABLES;

--
-- Table structure for table `products`
--

DROP TABLE IF EXISTS `products`;
/*!40101 SET @saved_cs_client     = @@character_set_client */;
/*!40101 SET character_set_client = utf8 */;
CREATE TABLE `products` (
  `id` int(10) unsigned NOT NULL AUTO_INCREMENT,
  `sku` varchar(191) COLLATE utf8mb4_unicode_ci NOT NULL,
  `type` varchar(191) COLLATE utf8mb4_unicode_ci NOT NULL,
  `created_at` timestamp NULL DEFAULT NULL,
  `updated_at` timestamp NULL DEFAULT NULL,
  `parent_id` int(10) unsigned DEFAULT NULL,
  `attribute_family_id` int(10) unsigned DEFAULT NULL,
  PRIMARY KEY (`id`),
  UNIQUE KEY `products_sku_unique` (`sku`),
  KEY `products_attribute_family_id_foreign` (`attribute_family_id`),
  KEY `products_parent_id_foreign` (`parent_id`),
  CONSTRAINT `products_attribute_family_id_foreign` FOREIGN KEY (`attribute_family_id`) REFERENCES `attribute_families` (`id`),
  CONSTRAINT `products_parent_id_foreign` FOREIGN KEY (`parent_id`) REFERENCES `products` (`id`) ON DELETE CASCADE
) ENGINE=InnoDB AUTO_INCREMENT=43 DEFAULT CHARSET=utf8mb4 COLLATE=utf8mb4_unicode_ci ROW_FORMAT=DYNAMIC;
/*!40101 SET character_set_client = @saved_cs_client */;

--
-- Dumping data for table `products`
--

LOCK TABLES `products` WRITE;
/*!40000 ALTER TABLE `products` DISABLE KEYS */;
INSERT INTO `products` VALUES (28,'product-one','simple','2019-11-23 15:02:43','2019-11-23 15:02:43',NULL,1),(29,'product-two','simple','2019-11-23 15:06:59','2019-11-23 15:06:59',NULL,1),(30,'product-three','simple','2019-11-23 15:10:33','2019-11-23 15:10:33',NULL,1),(31,'product-four','simple','2019-11-23 15:14:31','2019-11-23 15:14:31',NULL,1),(32,'product-five','simple','2019-11-23 15:19:18','2019-11-23 15:19:18',NULL,1),(33,'product-six','simple','2019-11-23 15:20:51','2019-11-23 15:20:51',NULL,1),(34,'product-seven','simple','2019-11-23 15:23:07','2019-11-23 15:23:07',NULL,1),(35,'product-eight','simple','2019-11-23 15:25:58','2019-11-23 15:25:58',NULL,1),(36,'product-nine','simple','2019-11-23 16:31:42','2019-11-23 16:31:42',NULL,1),(37,'product-ten','simple','2019-11-23 16:33:16','2019-11-23 16:33:16',NULL,1),(38,'product-eleven','simple','2019-11-23 16:37:55','2019-11-23 16:37:55',NULL,1),(40,'configurable-01','configurable','2019-11-23 16:54:31','2019-11-23 16:54:31',NULL,1),(41,'configurable-01-variant-1-6','simple','2019-11-23 16:54:31','2019-11-23 16:54:31',40,1),(42,'configurable-01-variant-2-6','simple','2019-11-23 16:54:32','2019-11-23 16:54:32',40,1);
/*!40000 ALTER TABLE `products` ENABLE KEYS */;
UNLOCK TABLES;

--
-- Table structure for table `roles`
--

DROP TABLE IF EXISTS `roles`;
/*!40101 SET @saved_cs_client     = @@character_set_client */;
/*!40101 SET character_set_client = utf8 */;
CREATE TABLE `roles` (
  `id` int(10) unsigned NOT NULL AUTO_INCREMENT,
  `name` varchar(191) COLLATE utf8mb4_unicode_ci NOT NULL,
  `description` varchar(191) COLLATE utf8mb4_unicode_ci DEFAULT NULL,
  `permission_type` varchar(191) COLLATE utf8mb4_unicode_ci NOT NULL,
  `permissions` json DEFAULT NULL,
  `created_at` timestamp NULL DEFAULT NULL,
  `updated_at` timestamp NULL DEFAULT NULL,
  PRIMARY KEY (`id`)
) ENGINE=InnoDB AUTO_INCREMENT=2 DEFAULT CHARSET=utf8mb4 COLLATE=utf8mb4_unicode_ci ROW_FORMAT=DYNAMIC;
/*!40101 SET character_set_client = @saved_cs_client */;

--
-- Dumping data for table `roles`
--

LOCK TABLES `roles` WRITE;
/*!40000 ALTER TABLE `roles` DISABLE KEYS */;
INSERT INTO `roles` VALUES (1,'Administrator','Administrator rolem','all',NULL,NULL,NULL);
/*!40000 ALTER TABLE `roles` ENABLE KEYS */;
UNLOCK TABLES;

--
-- Table structure for table `shipment_items`
--

DROP TABLE IF EXISTS `shipment_items`;
/*!40101 SET @saved_cs_client     = @@character_set_client */;
/*!40101 SET character_set_client = utf8 */;
CREATE TABLE `shipment_items` (
  `id` int(10) unsigned NOT NULL AUTO_INCREMENT,
  `name` varchar(191) COLLATE utf8mb4_unicode_ci DEFAULT NULL,
  `description` varchar(191) COLLATE utf8mb4_unicode_ci DEFAULT NULL,
  `sku` varchar(191) COLLATE utf8mb4_unicode_ci DEFAULT NULL,
  `qty` int(11) DEFAULT NULL,
  `weight` int(11) DEFAULT NULL,
  `price` decimal(12,4) DEFAULT '0.0000',
  `base_price` decimal(12,4) DEFAULT '0.0000',
  `total` decimal(12,4) DEFAULT '0.0000',
  `base_total` decimal(12,4) DEFAULT '0.0000',
  `product_id` int(10) unsigned DEFAULT NULL,
  `product_type` varchar(191) COLLATE utf8mb4_unicode_ci DEFAULT NULL,
  `order_item_id` int(10) unsigned DEFAULT NULL,
  `shipment_id` int(10) unsigned NOT NULL,
  `additional` json DEFAULT NULL,
  `created_at` timestamp NULL DEFAULT NULL,
  `updated_at` timestamp NULL DEFAULT NULL,
  PRIMARY KEY (`id`),
  KEY `shipment_items_shipment_id_foreign` (`shipment_id`),
  CONSTRAINT `shipment_items_shipment_id_foreign` FOREIGN KEY (`shipment_id`) REFERENCES `shipments` (`id`) ON DELETE CASCADE
) ENGINE=InnoDB DEFAULT CHARSET=utf8mb4 COLLATE=utf8mb4_unicode_ci ROW_FORMAT=DYNAMIC;
/*!40101 SET character_set_client = @saved_cs_client */;

--
-- Dumping data for table `shipment_items`
--

LOCK TABLES `shipment_items` WRITE;
/*!40000 ALTER TABLE `shipment_items` DISABLE KEYS */;
/*!40000 ALTER TABLE `shipment_items` ENABLE KEYS */;
UNLOCK TABLES;

--
-- Table structure for table `shipments`
--

DROP TABLE IF EXISTS `shipments`;
/*!40101 SET @saved_cs_client     = @@character_set_client */;
/*!40101 SET character_set_client = utf8 */;
CREATE TABLE `shipments` (
  `id` int(10) unsigned NOT NULL AUTO_INCREMENT,
  `status` varchar(191) COLLATE utf8mb4_unicode_ci DEFAULT NULL,
  `total_qty` int(11) DEFAULT NULL,
  `total_weight` int(11) DEFAULT NULL,
  `carrier_code` varchar(191) COLLATE utf8mb4_unicode_ci DEFAULT NULL,
  `carrier_title` varchar(191) COLLATE utf8mb4_unicode_ci DEFAULT NULL,
  `track_number` text COLLATE utf8mb4_unicode_ci,
  `email_sent` tinyint(1) NOT NULL DEFAULT '0',
  `customer_id` int(10) unsigned DEFAULT NULL,
  `customer_type` varchar(191) COLLATE utf8mb4_unicode_ci DEFAULT NULL,
  `order_id` int(10) unsigned NOT NULL,
  `order_address_id` int(10) unsigned DEFAULT NULL,
  `created_at` timestamp NULL DEFAULT NULL,
  `updated_at` timestamp NULL DEFAULT NULL,
  `inventory_source_id` int(10) unsigned DEFAULT NULL,
  PRIMARY KEY (`id`),
  KEY `shipments_order_id_foreign` (`order_id`),
  KEY `shipments_order_address_id_foreign` (`order_address_id`),
  KEY `shipments_inventory_source_id_foreign` (`inventory_source_id`),
  CONSTRAINT `shipments_inventory_source_id_foreign` FOREIGN KEY (`inventory_source_id`) REFERENCES `inventory_sources` (`id`) ON DELETE SET NULL,
  CONSTRAINT `shipments_order_address_id_foreign` FOREIGN KEY (`order_address_id`) REFERENCES `order_address` (`id`) ON DELETE SET NULL,
  CONSTRAINT `shipments_order_id_foreign` FOREIGN KEY (`order_id`) REFERENCES `orders` (`id`) ON DELETE CASCADE
) ENGINE=InnoDB DEFAULT CHARSET=utf8mb4 COLLATE=utf8mb4_unicode_ci ROW_FORMAT=DYNAMIC;
/*!40101 SET character_set_client = @saved_cs_client */;

--
-- Dumping data for table `shipments`
--

LOCK TABLES `shipments` WRITE;
/*!40000 ALTER TABLE `shipments` DISABLE KEYS */;
/*!40000 ALTER TABLE `shipments` ENABLE KEYS */;
UNLOCK TABLES;

--
-- Table structure for table `sliders`
--

DROP TABLE IF EXISTS `sliders`;
/*!40101 SET @saved_cs_client     = @@character_set_client */;
/*!40101 SET character_set_client = utf8 */;
CREATE TABLE `sliders` (
  `id` int(10) unsigned NOT NULL AUTO_INCREMENT,
  `title` varchar(191) COLLATE utf8mb4_unicode_ci NOT NULL,
  `path` varchar(191) COLLATE utf8mb4_unicode_ci NOT NULL,
  `content` text COLLATE utf8mb4_unicode_ci,
  `channel_id` int(10) unsigned NOT NULL,
  `created_at` timestamp NULL DEFAULT NULL,
  `updated_at` timestamp NULL DEFAULT NULL,
  PRIMARY KEY (`id`),
  KEY `sliders_channel_id_foreign` (`channel_id`),
  CONSTRAINT `sliders_channel_id_foreign` FOREIGN KEY (`channel_id`) REFERENCES `channels` (`id`) ON DELETE CASCADE
) ENGINE=InnoDB AUTO_INCREMENT=7 DEFAULT CHARSET=utf8mb4 COLLATE=utf8mb4_unicode_ci ROW_FORMAT=DYNAMIC;
/*!40101 SET character_set_client = @saved_cs_client */;

--
-- Dumping data for table `sliders`
--

LOCK TABLES `sliders` WRITE;
/*!40000 ALTER TABLE `sliders` DISABLE KEYS */;
INSERT INTO `sliders` VALUES (1,'Slider 01','slider_images/Swankykidz/XvfYdIHAogSXR4yIlAYA13omwtWel7ybgYLesU9W.jpeg','<h1>SWANKY</h1>\r\n<h2 style=\"color: white;\">New Arival with Good Price</h2>\r\n<p style=\"color: white;\">Lorem ipsum dolor sit amet, consectetur adipisicing elit, sed do eiusmod tempor incididunt ut labore et dolore magna aliqua.</p>',1,'2019-09-22 18:11:00','2019-11-16 13:12:30'),(5,'Slider02','slider_images/Swankykidz/H0IOfIEC9rNlne8xW5HqROAnKKtQ3hn2SvhJVYCu.jpeg','',1,'2019-11-16 12:55:04','2019-11-16 12:55:04'),(6,'Slider03','slider_images/Swankykidz/1krBSKWrPWNMtD6ti0F0eiIGMRWzYevzcg5Zceyk.jpeg','<h2>SwankyKidz.lk</h2>\r\n<h2>&nbsp;</h2>',1,'2019-11-16 13:14:47','2019-11-16 13:14:47');
/*!40000 ALTER TABLE `sliders` ENABLE KEYS */;
UNLOCK TABLES;

--
-- Table structure for table `subscribers_list`
--

DROP TABLE IF EXISTS `subscribers_list`;
/*!40101 SET @saved_cs_client     = @@character_set_client */;
/*!40101 SET character_set_client = utf8 */;
CREATE TABLE `subscribers_list` (
  `id` int(10) unsigned NOT NULL AUTO_INCREMENT,
  `email` varchar(191) COLLATE utf8mb4_unicode_ci NOT NULL,
  `is_subscribed` tinyint(1) NOT NULL DEFAULT '0',
  `token` varchar(191) COLLATE utf8mb4_unicode_ci DEFAULT NULL,
  `channel_id` int(10) unsigned NOT NULL,
  `created_at` timestamp NULL DEFAULT NULL,
  `updated_at` timestamp NULL DEFAULT NULL,
  PRIMARY KEY (`id`),
  KEY `subscribers_list_channel_id_foreign` (`channel_id`),
  CONSTRAINT `subscribers_list_channel_id_foreign` FOREIGN KEY (`channel_id`) REFERENCES `channels` (`id`) ON DELETE CASCADE
) ENGINE=InnoDB DEFAULT CHARSET=utf8mb4 COLLATE=utf8mb4_unicode_ci ROW_FORMAT=DYNAMIC;
/*!40101 SET character_set_client = @saved_cs_client */;

--
-- Dumping data for table `subscribers_list`
--

LOCK TABLES `subscribers_list` WRITE;
/*!40000 ALTER TABLE `subscribers_list` DISABLE KEYS */;
/*!40000 ALTER TABLE `subscribers_list` ENABLE KEYS */;
UNLOCK TABLES;

--
-- Table structure for table `tax_categories`
--

DROP TABLE IF EXISTS `tax_categories`;
/*!40101 SET @saved_cs_client     = @@character_set_client */;
/*!40101 SET character_set_client = utf8 */;
CREATE TABLE `tax_categories` (
  `id` int(10) unsigned NOT NULL AUTO_INCREMENT,
  `channel_id` int(10) unsigned NOT NULL,
  `code` varchar(191) COLLATE utf8mb4_unicode_ci NOT NULL,
  `name` varchar(191) COLLATE utf8mb4_unicode_ci NOT NULL,
  `description` longtext COLLATE utf8mb4_unicode_ci NOT NULL,
  `created_at` timestamp NULL DEFAULT NULL,
  `updated_at` timestamp NULL DEFAULT NULL,
  PRIMARY KEY (`id`),
  UNIQUE KEY `tax_categories_code_unique` (`code`),
  UNIQUE KEY `tax_categories_name_unique` (`name`),
  KEY `tax_categories_channel_id_foreign` (`channel_id`),
  CONSTRAINT `tax_categories_channel_id_foreign` FOREIGN KEY (`channel_id`) REFERENCES `channels` (`id`) ON DELETE CASCADE
) ENGINE=InnoDB DEFAULT CHARSET=utf8mb4 COLLATE=utf8mb4_unicode_ci ROW_FORMAT=DYNAMIC;
/*!40101 SET character_set_client = @saved_cs_client */;

--
-- Dumping data for table `tax_categories`
--

LOCK TABLES `tax_categories` WRITE;
/*!40000 ALTER TABLE `tax_categories` DISABLE KEYS */;
/*!40000 ALTER TABLE `tax_categories` ENABLE KEYS */;
UNLOCK TABLES;

--
-- Table structure for table `tax_categories_tax_rates`
--

DROP TABLE IF EXISTS `tax_categories_tax_rates`;
/*!40101 SET @saved_cs_client     = @@character_set_client */;
/*!40101 SET character_set_client = utf8 */;
CREATE TABLE `tax_categories_tax_rates` (
  `id` int(10) unsigned NOT NULL AUTO_INCREMENT,
  `tax_category_id` int(10) unsigned NOT NULL,
  `tax_rate_id` int(10) unsigned NOT NULL,
  `created_at` timestamp NULL DEFAULT NULL,
  `updated_at` timestamp NULL DEFAULT NULL,
  PRIMARY KEY (`id`),
  UNIQUE KEY `tax_map_index_unique` (`tax_category_id`,`tax_rate_id`),
  KEY `tax_categories_tax_rates_tax_rate_id_foreign` (`tax_rate_id`),
  CONSTRAINT `tax_categories_tax_rates_tax_category_id_foreign` FOREIGN KEY (`tax_category_id`) REFERENCES `tax_categories` (`id`) ON DELETE CASCADE,
  CONSTRAINT `tax_categories_tax_rates_tax_rate_id_foreign` FOREIGN KEY (`tax_rate_id`) REFERENCES `tax_rates` (`id`) ON DELETE CASCADE
) ENGINE=InnoDB DEFAULT CHARSET=utf8mb4 COLLATE=utf8mb4_unicode_ci ROW_FORMAT=DYNAMIC;
/*!40101 SET character_set_client = @saved_cs_client */;

--
-- Dumping data for table `tax_categories_tax_rates`
--

LOCK TABLES `tax_categories_tax_rates` WRITE;
/*!40000 ALTER TABLE `tax_categories_tax_rates` DISABLE KEYS */;
/*!40000 ALTER TABLE `tax_categories_tax_rates` ENABLE KEYS */;
UNLOCK TABLES;

--
-- Table structure for table `tax_rates`
--

DROP TABLE IF EXISTS `tax_rates`;
/*!40101 SET @saved_cs_client     = @@character_set_client */;
/*!40101 SET character_set_client = utf8 */;
CREATE TABLE `tax_rates` (
  `id` int(10) unsigned NOT NULL AUTO_INCREMENT,
  `identifier` varchar(191) COLLATE utf8mb4_unicode_ci NOT NULL,
  `is_zip` tinyint(1) NOT NULL DEFAULT '0',
  `zip_code` varchar(191) COLLATE utf8mb4_unicode_ci DEFAULT NULL,
  `zip_from` varchar(191) COLLATE utf8mb4_unicode_ci DEFAULT NULL,
  `zip_to` varchar(191) COLLATE utf8mb4_unicode_ci DEFAULT NULL,
  `state` varchar(191) COLLATE utf8mb4_unicode_ci NOT NULL,
  `country` varchar(191) COLLATE utf8mb4_unicode_ci NOT NULL,
  `tax_rate` decimal(12,4) NOT NULL,
  `created_at` timestamp NULL DEFAULT NULL,
  `updated_at` timestamp NULL DEFAULT NULL,
  PRIMARY KEY (`id`),
  UNIQUE KEY `tax_rates_identifier_unique` (`identifier`)
) ENGINE=InnoDB DEFAULT CHARSET=utf8mb4 COLLATE=utf8mb4_unicode_ci ROW_FORMAT=DYNAMIC;
/*!40101 SET character_set_client = @saved_cs_client */;

--
-- Dumping data for table `tax_rates`
--

LOCK TABLES `tax_rates` WRITE;
/*!40000 ALTER TABLE `tax_rates` DISABLE KEYS */;
/*!40000 ALTER TABLE `tax_rates` ENABLE KEYS */;
UNLOCK TABLES;

--
-- Table structure for table `users`
--

DROP TABLE IF EXISTS `users`;
/*!40101 SET @saved_cs_client     = @@character_set_client */;
/*!40101 SET character_set_client = utf8 */;
CREATE TABLE `users` (
  `id` int(10) unsigned NOT NULL AUTO_INCREMENT,
  `name` varchar(191) COLLATE utf8mb4_unicode_ci NOT NULL,
  `email` varchar(191) COLLATE utf8mb4_unicode_ci NOT NULL,
  `password` varchar(191) COLLATE utf8mb4_unicode_ci NOT NULL,
  `remember_token` varchar(100) COLLATE utf8mb4_unicode_ci DEFAULT NULL,
  `created_at` timestamp NULL DEFAULT NULL,
  `updated_at` timestamp NULL DEFAULT NULL,
  PRIMARY KEY (`id`),
  UNIQUE KEY `users_email_unique` (`email`)
) ENGINE=InnoDB DEFAULT CHARSET=utf8mb4 COLLATE=utf8mb4_unicode_ci ROW_FORMAT=DYNAMIC;
/*!40101 SET character_set_client = @saved_cs_client */;

--
-- Dumping data for table `users`
--

LOCK TABLES `users` WRITE;
/*!40000 ALTER TABLE `users` DISABLE KEYS */;
/*!40000 ALTER TABLE `users` ENABLE KEYS */;
UNLOCK TABLES;

--
-- Table structure for table `wishlist`
--

DROP TABLE IF EXISTS `wishlist`;
/*!40101 SET @saved_cs_client     = @@character_set_client */;
/*!40101 SET character_set_client = utf8 */;
CREATE TABLE `wishlist` (
  `id` int(10) unsigned NOT NULL AUTO_INCREMENT,
  `channel_id` int(10) unsigned NOT NULL,
  `product_id` int(10) unsigned NOT NULL,
  `customer_id` int(10) unsigned NOT NULL,
  `item_options` json DEFAULT NULL,
  `moved_to_cart` date DEFAULT NULL,
  `shared` tinyint(1) DEFAULT NULL,
  `time_of_moving` date DEFAULT NULL,
  `created_at` timestamp NULL DEFAULT NULL,
  `updated_at` timestamp NULL DEFAULT NULL,
  PRIMARY KEY (`id`),
  KEY `wishlist_channel_id_foreign` (`channel_id`),
  KEY `wishlist_product_id_foreign` (`product_id`),
  KEY `wishlist_customer_id_foreign` (`customer_id`),
  CONSTRAINT `wishlist_channel_id_foreign` FOREIGN KEY (`channel_id`) REFERENCES `channels` (`id`) ON DELETE CASCADE,
  CONSTRAINT `wishlist_customer_id_foreign` FOREIGN KEY (`customer_id`) REFERENCES `customers` (`id`) ON DELETE CASCADE,
  CONSTRAINT `wishlist_product_id_foreign` FOREIGN KEY (`product_id`) REFERENCES `products` (`id`) ON DELETE CASCADE
) ENGINE=InnoDB AUTO_INCREMENT=4 DEFAULT CHARSET=utf8mb4 COLLATE=utf8mb4_unicode_ci ROW_FORMAT=DYNAMIC;
/*!40101 SET character_set_client = @saved_cs_client */;

--
-- Dumping data for table `wishlist`
--

LOCK TABLES `wishlist` WRITE;
/*!40000 ALTER TABLE `wishlist` DISABLE KEYS */;
INSERT INTO `wishlist` VALUES (1,1,40,2,NULL,NULL,NULL,NULL,'2019-11-24 01:42:11','2019-11-24 01:42:11'),(2,1,28,2,NULL,NULL,NULL,NULL,'2019-11-24 02:55:19','2019-11-24 02:55:19'),(3,1,29,2,NULL,NULL,NULL,NULL,'2019-11-24 02:55:24','2019-11-24 02:55:24');
/*!40000 ALTER TABLE `wishlist` ENABLE KEYS */;
UNLOCK TABLES;
/*!40103 SET TIME_ZONE=@OLD_TIME_ZONE */;

/*!40101 SET SQL_MODE=@OLD_SQL_MODE */;
/*!40014 SET FOREIGN_KEY_CHECKS=@OLD_FOREIGN_KEY_CHECKS */;
/*!40014 SET UNIQUE_CHECKS=@OLD_UNIQUE_CHECKS */;
/*!40101 SET CHARACTER_SET_CLIENT=@OLD_CHARACTER_SET_CLIENT */;
/*!40101 SET CHARACTER_SET_RESULTS=@OLD_CHARACTER_SET_RESULTS */;
/*!40101 SET COLLATION_CONNECTION=@OLD_COLLATION_CONNECTION */;
/*!40111 SET SQL_NOTES=@OLD_SQL_NOTES */;

-- Dump completed on 2019-11-25  7:01:33
